Date,SPY
2008-01-02,102.97401428222656
2008-01-03,102.9242172241211
2008-01-04,100.40187072753906
2008-01-07,100.31666564941406
2008-01-08,98.69670867919922
2008-01-09,99.73405456542969
2008-01-10,100.38771057128906
2008-01-11,99.5777359008789
2008-01-14,100.380615234375
2008-01-15,98.17095947265625
2008-01-16,97.3254165649414
2008-01-17,94.80310821533203
2008-01-18,93.8297348022461
2008-01-22,92.87763214111328
2008-01-23,95.10867309570312
2008-01-24,95.91153717041016
2008-01-25,94.52600860595703
2008-01-28,96.08915710449219
2008-01-29,96.56519317626953
2008-01-30,95.85468292236328
2008-01-31,97.60253143310547
2008-02-01,99.17274475097656
2008-02-04,97.92228698730469
2008-02-05,95.30044555664062
2008-02-06,94.53309631347656
2008-02-07,95.15838623046875
2008-02-08,94.54734802246094
2008-02-11,95.03047943115234
2008-02-12,95.91153717041016
2008-02-13,96.89203643798828
2008-02-14,96.03936767578125
2008-02-15,96.01809692382812
2008-02-19,96.28807830810547
2008-02-20,96.57229614257812
2008-02-21,95.7694091796875
2008-02-22,96.35909271240234
2008-02-25,97.57411193847656
2008-02-26,98.30593872070312
2008-02-27,98.20648193359375
2008-02-28,97.24726867675781
2008-02-29,95.08023834228516
2008-03-03,94.85283660888672
2008-03-04,94.4905014038086
2008-03-05,95.08731842041016
2008-03-06,93.1192398071289
2008-03-07,92.16004180908203
2008-03-10,90.945068359375
2008-03-11,94.21339416503906
2008-03-12,93.3323745727539
2008-03-13,93.53842163085938
2008-03-14,92.08900451660156
2008-03-17,91.15825653076172
2008-03-18,94.94522857666016
2008-03-19,92.59342956542969
2008-03-20,94.30853271484375
2008-03-24,96.19355010986328
2008-03-25,96.28636932373047
2008-03-26,95.10823822021484
2008-03-27,94.80835723876953
2008-03-28,93.90154266357422
2008-03-31,94.22998046875
2008-04-01,97.54309844970703
2008-04-02,97.60733795166016
2008-04-03,97.85011291503906
2008-04-04,97.74300384521484
2008-04-07,97.7929916381836
2008-04-08,97.69304656982422
2008-04-09,96.98615264892578
2008-04-10,97.12183380126953
2008-04-11,95.23674774169922
2008-04-14,94.91545867919922
2008-04-15,95.13678741455078
2008-04-16,97.71443939208984
2008-04-17,97.85724639892578
2008-04-18,98.87830352783203
2008-04-21,98.92829895019531
2008-04-22,98.49275970458984
2008-04-23,98.33563995361328
2008-04-24,98.76404571533203
2008-04-25,99.67796325683594
2008-04-28,99.69945526123047
2008-04-29,99.30675506591797
2008-04-30,98.72119140625
2008-05-01,100.76335144042969
2008-05-02,101.04179382324219
2008-05-05,100.55630493164062
2008-05-06,101.4273681640625
2008-05-07,99.6208724975586
2008-05-08,99.36383819580078
2008-05-09,99.17820739746094
2008-05-12,100.29208374023438
2008-05-13,100.30631256103516
2008-05-14,100.51341247558594
2008-05-15,101.77007293701172
2008-05-16,101.8629150390625
2008-05-19,102.14142608642578
2008-05-20,101.31312561035156
2008-05-21,99.59944915771484
2008-05-22,99.61373138427734
2008-05-23,98.2785415649414
2008-05-27,99.00682067871094
2008-05-28,99.46379852294922
2008-05-29,99.96360778808594
2008-05-30,100.21353149414062
2008-06-02,99.17820739746094
2008-06-03,98.59981536865234
2008-06-04,98.54985046386719
2008-06-05,100.52055358886719
2008-06-06,97.31461334228516
2008-06-09,97.55021667480469
2008-06-10,97.06465911865234
2008-06-11,95.6366195678711
2008-06-12,96.00077819824219
2008-06-13,97.214599609375
2008-06-16,97.27173614501953
2008-06-17,96.80049133300781
2008-06-18,95.85794830322266
2008-06-19,95.97936248779297
2008-06-20,94.42144775390625
2008-06-23,94.32819366455078
2008-06-24,94.14156341552734
2008-06-25,94.58650207519531
2008-06-26,92.01746368408203
2008-06-27,91.51517486572266
2008-06-30,91.83808135986328
2008-07-01,92.1251220703125
2008-07-02,90.5464096069336
2008-07-03,90.63968658447266
2008-07-07,89.7140121459961
2008-07-08,91.30707550048828
2008-07-09,89.54895782470703
2008-07-10,89.9149398803711
2008-07-11,88.86722564697266
2008-07-14,88.06353759765625
2008-07-15,86.82209014892578
2008-07-16,88.95333099365234
2008-07-17,89.84317779541016
2008-07-18,90.40290832519531
2008-07-21,90.453125
2008-07-22,91.47925567626953
2008-07-23,91.9744644165039
2008-07-24,90.06563568115234
2008-07-25,90.04413604736328
2008-07-28,88.72377014160156
2008-07-29,90.61817169189453
2008-07-30,92.2327651977539
2008-07-31,91.01285552978516
2008-08-01,90.53205871582031
2008-08-04,89.69246673583984
2008-08-05,92.11077880859375
2008-08-06,92.51980590820312
2008-08-07,91.14203643798828
2008-08-08,92.83557891845703
2008-08-11,93.79713439941406
2008-08-12,92.82119750976562
2008-08-13,92.26148223876953
2008-08-14,92.95753479003906
2008-08-15,93.40962982177734
2008-08-18,92.1323013305664
2008-08-19,91.12767028808594
2008-08-20,91.55108642578125
2008-08-21,91.70893096923828
2008-08-22,93.03651428222656
2008-08-25,91.14920806884766
2008-08-26,91.41470336914062
2008-08-27,92.30455780029297
2008-08-28,93.42401885986328
2008-08-29,92.41937255859375
2008-09-02,91.84526824951172
2008-09-03,91.76632690429688
2008-09-04,89.00359344482422
2008-09-05,89.28343200683594
2008-09-08,91.12767028808594
2008-09-09,88.42232513427734
2008-09-10,88.78113555908203
2008-09-11,90.06563568115234
2008-09-12,90.48181915283203
2008-09-15,86.17626953125
2008-09-16,87.61863708496094
2008-09-17,83.67902374267578
2008-09-18,86.16190338134766
2008-09-19,89.58373260498047
2008-09-22,87.55558776855469
2008-09-23,85.5635757446289
2008-09-24,85.83784484863281
2008-09-25,87.18031311035156
2008-09-26,87.22355651855469
2008-09-29,80.38860321044922
2008-09-30,83.71585845947266
2008-10-01,83.76641082763672
2008-10-02,80.72782897949219
2008-10-03,79.63796997070312
2008-10-06,75.5817642211914
2008-10-07,72.19673919677734
2008-10-08,70.37796020507812
2008-10-09,65.46279907226562
2008-10-10,63.87494659423828
2008-10-13,73.14944458007812
2008-10-14,72.06683349609375
2008-10-15,64.97197723388672
2008-10-16,67.67860412597656
2008-10-17,67.2743911743164
2008-10-20,71.31619262695312
2008-10-21,69.18701934814453
2008-10-22,65.41950988769531
2008-10-23,66.1773452758789
2008-10-24,62.821189880371094
2008-10-27,60.590980529785156
2008-10-28,67.6713638305664
2008-10-29,67.18058776855469
2008-10-30,69.5046157836914
2008-10-31,69.88714599609375
2008-11-03,70.08924102783203
2008-11-04,72.47100067138672
2008-11-05,69.42520904541016
2008-11-06,65.57830810546875
2008-11-07,67.7435531616211
2008-11-10,66.85577392578125
2008-11-11,64.79157257080078
2008-11-12,61.9406623840332
2008-11-13,65.80204772949219
2008-11-14,62.51807403564453
2008-11-17,61.68805694580078
2008-11-18,62.85008239746094
2008-11-19,58.82272720336914
2008-11-20,54.45608901977539
2008-11-21,57.39363098144531
2008-11-24,61.37049865722656
2008-11-25,61.825191497802734
2008-11-26,64.21414947509766
2008-11-28,65.02253723144531
2008-12-01,59.26297378540039
2008-12-02,61.543678283691406
2008-12-03,63.02328109741211
2008-12-04,61.56533432006836
2008-12-05,63.46354675292969
2008-12-08,65.6793212890625
2008-12-09,64.59671020507812
2008-12-10,65.0370101928711
2008-12-11,63.470760345458984
2008-12-12,64.22859191894531
2008-12-15,63.33363723754883
2008-12-16,66.31448364257812
2008-12-17,65.672119140625
2008-12-18,64.44515228271484
2008-12-19,64.16793823242188
2008-12-22,63.345726013183594
2008-12-23,62.690887451171875
2008-12-24,63.0546989440918
2008-12-26,63.41848373413086
2008-12-29,63.2365837097168
2008-12-30,64.7354507446289
2008-12-31,65.65953826904297
2009-01-02,67.63861846923828
2009-01-05,67.55857849121094
2009-01-06,68.00970458984375
2009-01-07,65.97238159179688
2009-01-08,66.24161529541016
2009-01-09,64.82276916503906
2009-01-12,63.26567459106445
2009-01-13,63.38210678100586
2009-01-14,61.38845443725586
2009-01-15,61.41028594970703
2009-01-16,61.890499114990234
2009-01-20,58.623531341552734
2009-01-21,61.155609130859375
2009-01-22,60.20973587036133
2009-01-23,60.4716796875
2009-01-26,60.886390686035156
2009-01-27,61.50486373901367
2009-01-28,63.585811614990234
2009-01-29,61.519405364990234
2009-01-30,60.26791000366211
2009-02-02,60.08604049682617
2009-02-03,60.93003463745117
2009-02-04,60.63176345825195
2009-02-05,61.533966064453125
2009-02-06,63.28752136230469
2009-02-09,63.374839782714844
2009-02-10,60.4716796875
2009-02-11,60.82816696166992
2009-02-12,60.87186813354492
2009-02-13,60.217002868652344
2009-02-17,57.64128494262695
2009-02-18,57.50303268432617
2009-02-19,56.884552001953125
2009-02-20,56.33155822753906
2009-02-23,54.316097259521484
2009-02-24,56.37520980834961
2009-02-25,55.93136978149414
2009-02-26,55.021873474121094
2009-02-27,53.79218673706055
2009-03-02,51.36927795410156
2009-03-03,50.98362731933594
2009-03-04,52.19148635864258
2009-03-05,50.05956268310547
2009-03-06,50.14686584472656
2009-03-09,49.557525634765625
2009-03-10,52.51158905029297
2009-03-11,52.85358810424805
2009-03-12,54.93455123901367
2009-03-13,55.363861083984375
2009-03-16,55.19648742675781
2009-03-17,56.884552001953125
2009-03-18,58.15788269042969
2009-03-19,57.437530517578125
2009-03-20,56.21445083618164
2009-03-23,60.25227355957031
2009-03-24,59.06511306762695
2009-03-25,59.68800735473633
2009-03-26,60.90449142456055
2009-03-27,59.80525588989258
2009-03-30,57.73870849609375
2009-03-31,58.273658752441406
2009-04-01,59.402198791503906
2009-04-02,61.13898468017578
2009-04-03,61.74723434448242
2009-04-06,61.26354217529297
2009-04-07,59.83457565307617
2009-04-08,60.47945022583008
2009-04-09,62.883094787597656
2009-04-13,62.89772415161133
2009-04-14,61.81318283081055
2009-04-15,62.472694396972656
2009-04-16,63.38877868652344
2009-04-17,63.813743591308594
2009-04-20,61.13898468017578
2009-04-21,62.33348846435547
2009-04-22,61.95238494873047
2009-04-23,62.5606689453125
2009-04-24,63.50601577758789
2009-04-27,62.90508270263672
2009-04-28,62.707183837890625
2009-04-29,64.04092407226562
2009-04-30,64.0629653930664
2009-05-01,64.4073486328125
2009-05-04,66.59847259521484
2009-05-05,66.3713150024414
2009-05-06,67.52182006835938
2009-05-07,66.58383178710938
2009-05-08,68.13739776611328
2009-05-11,66.86231994628906
2009-05-12,66.6644287109375
2009-05-13,64.98625946044922
2009-05-14,65.54324340820312
2009-05-15,65.00825500488281
2009-05-18,66.85497283935547
2009-05-19,66.77434539794922
2009-05-20,66.32731628417969
2009-05-21,65.37467193603516
2009-05-22,65.23544311523438
2009-05-26,66.90624237060547
2009-05-27,65.71173858642578
2009-05-28,66.62779998779297
2009-05-29,67.80760192871094
2009-06-01,69.44916534423828
2009-06-02,69.50776672363281
2009-06-03,68.6283950805664
2009-06-04,69.27326202392578
2009-06-05,69.28793334960938
2009-06-08,69.00212097167969
2009-06-09,69.35389709472656
2009-06-10,69.17801666259766
2009-06-11,69.48577117919922
2009-06-12,69.67633819580078
2009-06-15,68.07881927490234
2009-06-16,67.15543365478516
2009-06-17,67.08950805664062
2009-06-18,67.58045196533203
2009-06-19,67.82954406738281
2009-06-22,65.7955551147461
2009-06-23,65.84716033935547
2009-06-24,66.41456604003906
2009-06-25,67.8590316772461
2009-06-26,67.68211364746094
2009-06-29,68.31596374511719
2009-06-30,67.76321411132812
2009-07-01,68.04328918457031
2009-07-02,66.18614959716797
2009-07-06,66.17874908447266
2009-07-07,64.89646911621094
2009-07-08,64.85224914550781
2009-07-09,64.97752380371094
2009-07-10,64.82272338867188
2009-07-13,66.39986419677734
2009-07-14,66.77571105957031
2009-07-15,68.72867584228516
2009-07-16,68.61810302734375
2009-07-17,69.36979675292969
2009-07-20,70.10671997070312
2009-07-21,70.43102264404297
2009-07-22,70.4162826538086
2009-07-23,71.97126770019531
2009-07-24,72.26602172851562
2009-07-27,72.47972106933594
2009-07-28,72.14075469970703
2009-07-29,71.96387481689453
2009-07-30,72.715576171875
2009-07-31,72.81873321533203
2009-08-03,74.0199966430664
2009-08-04,74.21160125732422
2009-08-05,73.99787902832031
2009-08-06,73.61467742919922
2009-08-07,74.58008575439453
2009-08-10,74.42533111572266
2009-08-11,73.49678039550781
2009-08-12,74.28528594970703
2009-08-13,74.8527603149414
2009-08-14,74.27792358398438
2009-08-17,72.45026397705078
2009-08-18,73.02510070800781
2009-08-19,73.66622924804688
2009-08-20,74.42533111572266
2009-08-21,75.88451385498047
2009-08-24,75.87713623046875
2009-08-25,76.02452850341797
2009-08-26,76.03189849853516
2009-08-27,76.20137023925781
2009-08-28,76.1866683959961
2009-08-31,75.50862884521484
2009-09-01,73.8431396484375
2009-09-02,73.56309509277344
2009-09-03,74.17477416992188
2009-09-04,75.2138671875
2009-09-08,75.86241149902344
2009-09-09,76.44457244873047
2009-09-10,77.22575378417969
2009-09-11,77.21099853515625
2009-09-14,77.58686828613281
2009-09-15,77.9111328125
2009-09-16,79.09026336669922
2009-09-17,78.97235107421875
2009-09-18,79.02268981933594
2009-09-21,78.82278442382812
2009-09-22,79.2818603515625
2009-09-23,78.62285614013672
2009-09-24,77.75650787353516
2009-09-25,77.34184265136719
2009-09-28,78.72650146484375
2009-09-29,78.48957061767578
2009-09-30,78.18596649169922
2009-10-01,76.24593353271484
2009-10-02,75.89053344726562
2009-10-05,77.02342224121094
2009-10-06,78.12673950195312
2009-10-07,78.34149169921875
2009-10-08,78.94124603271484
2009-10-09,79.42256164550781
2009-10-12,79.73355102539062
2009-10-13,79.57061004638672
2009-10-14,80.94048309326172
2009-10-15,81.23670196533203
2009-10-16,80.62950134277344
2009-10-19,81.29594421386719
2009-10-20,80.86647033691406
2009-10-21,80.14080810546875
2009-10-22,80.95530700683594
2009-10-23,80.02973937988281
2009-10-26,79.16337585449219
2009-10-27,78.80055236816406
2009-10-28,77.31221008300781
2009-10-29,78.97087860107422
2009-10-30,76.68280792236328
2009-11-02,77.2455825805664
2009-11-03,77.48995971679688
2009-11-04,77.68985748291016
2009-11-05,79.11895751953125
2009-11-06,79.32630157470703
2009-11-09,81.13302612304688
2009-11-10,81.1478500366211
2009-11-11,81.56250762939453
2009-11-12,80.73318481445312
2009-11-13,81.17005920410156
2009-11-16,82.3473892211914
2009-11-17,82.44364166259766
2009-11-18,82.39183044433594
2009-11-19,81.31816101074219
2009-11-20,81.02936553955078
2009-11-23,82.05860137939453
2009-11-24,82.1844711303711
2009-11-25,82.4732894897461
2009-11-27,81.13302612304688
2009-11-30,81.40703582763672
2009-12-01,82.4140625
2009-12-02,82.37703704833984
2009-12-03,81.73282623291016
2009-12-04,82.19933319091797
2009-12-07,82.07339477539062
2009-12-08,81.16265106201172
2009-12-09,81.46626281738281
2009-12-10,81.9253158569336
2009-12-11,82.27334594726562
2009-12-14,82.83612060546875
2009-12-15,82.4510726928711
2009-12-16,82.57695770263672
2009-12-17,81.5846939086914
2009-12-18,82.04627227783203
2009-12-21,82.88006591796875
2009-12-22,83.1778564453125
2009-12-23,83.34164428710938
2009-12-24,83.73617553710938
2009-12-28,83.91486358642578
2009-12-29,83.79573059082031
2009-12-30,83.76595306396484
2009-12-31,82.96195983886719
2010-01-04,84.3689956665039
2010-01-05,84.59231567382812
2010-01-06,84.65186309814453
2010-01-07,85.00920867919922
2010-01-08,85.29208374023438
2010-01-11,85.41122436523438
2010-01-12,84.61465454101562
2010-01-13,85.32929992675781
2010-01-14,85.56009674072266
2010-01-15,84.59973907470703
2010-01-19,85.65689086914062
2010-01-20,84.78585052490234
2010-01-21,83.15550231933594
2010-01-22,81.30180358886719
2010-01-25,81.7187271118164
2010-01-26,81.37625885009766
2010-01-27,81.76338195800781
2010-01-28,80.82537078857422
2010-01-29,79.94691467285156
2010-02-01,81.1901626586914
2010-02-02,82.17285919189453
2010-02-03,81.76338195800781
2010-02-04,79.23968505859375
2010-02-05,79.40347290039062
2010-02-08,78.83023071289062
2010-02-09,79.82036590576172
2010-02-10,79.6640396118164
2010-02-11,80.49781799316406
2010-02-12,80.43084716796875
2010-02-16,81.69639587402344
2010-02-17,82.0835189819336
2010-02-18,82.56739044189453
2010-02-19,82.73865509033203
2010-02-22,82.75347900390625
2010-02-23,81.74849700927734
2010-02-24,82.5003890991211
2010-02-25,82.38873291015625
2010-02-26,82.44081115722656
2010-03-01,83.29695129394531
2010-03-02,83.52774810791016
2010-03-03,83.60218811035156
2010-03-04,83.85530090332031
2010-03-05,85.05389404296875
2010-03-08,85.0687484741211
2010-03-09,85.21019744873047
2010-03-10,85.58987426757812
2010-03-11,85.94722747802734
2010-03-12,85.95465087890625
2010-03-15,85.97698974609375
2010-03-16,86.66191101074219
2010-03-17,87.1755599975586
2010-03-18,87.13090515136719
2010-03-19,86.68985748291016
2010-03-22,87.15333557128906
2010-03-23,87.76628112792969
2010-03-24,87.34019470214844
2010-03-25,87.19818115234375
2010-03-26,87.14584350585938
2010-03-29,87.69902038574219
2010-03-30,87.7588119506836
2010-03-31,87.45982360839844
2010-04-01,88.05783081054688
2010-04-05,88.77545928955078
2010-04-06,88.9847412109375
2010-04-07,88.4764404296875
2010-04-08,88.78290557861328
2010-04-09,89.36599731445312
2010-04-12,89.50802612304688
2010-04-13,89.5752944946289
2010-04-14,90.5919189453125
2010-04-15,90.66667175292969
2010-04-16,89.22395324707031
2010-04-19,89.56034851074219
2010-04-20,90.36018371582031
2010-04-21,90.19573211669922
2010-04-22,90.4648208618164
2010-04-23,91.05536651611328
2010-04-26,90.71150970458984
2010-04-27,88.566162109375
2010-04-28,89.23889923095703
2010-04-29,90.34524536132812
2010-04-30,88.81278991699219
2010-05-03,89.96397399902344
2010-05-04,87.84851837158203
2010-05-05,87.32527923583984
2010-05-06,84.42489624023438
2010-05-07,83.1690673828125
2010-05-10,86.83186340332031
2010-05-11,86.58519744873047
2010-05-12,87.79622650146484
2010-05-13,86.70481872558594
2010-05-14,85.13501739501953
2010-05-17,85.17987823486328
2010-05-18,84.02123260498047
2010-05-19,83.54280090332031
2010-05-20,80.3882827758789
2010-05-21,81.56190490722656
2010-05-24,80.51535034179688
2010-05-25,80.59758758544922
2010-05-26,80.11170959472656
2010-05-27,82.79529571533203
2010-05-28,81.75623321533203
2010-06-01,80.38078308105469
2010-06-02,82.47386169433594
2010-06-03,82.75791931152344
2010-06-04,79.85005950927734
2010-06-07,78.85588073730469
2010-06-08,79.70056915283203
2010-06-09,79.27445220947266
2010-06-10,81.5917739868164
2010-06-11,81.98796081542969
2010-06-14,81.86087036132812
2010-06-15,83.72221374511719
2010-06-16,83.69229888916016
2010-06-17,83.82684326171875
2010-06-18,83.9177474975586
2010-06-21,83.67739868164062
2010-06-22,82.29544830322266
2010-06-23,82.0400619506836
2010-06-24,80.68061828613281
2010-06-25,81.01860046386719
2010-06-28,80.76322174072266
2010-06-29,78.26964569091797
2010-06-30,77.52606201171875
2010-07-01,77.18060302734375
2010-07-02,76.75997924804688
2010-07-06,77.26321411132812
2010-07-07,79.69671630859375
2010-07-08,80.48533630371094
2010-07-09,81.08618927001953
2010-07-12,81.13873291015625
2010-07-13,82.36302947998047
2010-07-14,82.35549926757812
2010-07-15,82.37803649902344
2010-07-16,80.10980224609375
2010-07-19,80.58297729492188
2010-07-20,81.47676849365234
2010-07-21,80.4177474975586
2010-07-22,82.21279907226562
2010-07-23,82.92634582519531
2010-07-26,83.7900161743164
2010-07-27,83.78255462646484
2010-07-28,83.24176025390625
2010-07-29,82.83617401123047
2010-07-30,82.8211898803711
2010-08-02,84.69136047363281
2010-08-03,84.28578186035156
2010-08-04,84.84910583496094
2010-08-05,84.75896453857422
2010-08-06,84.4134521484375
2010-08-09,84.86409759521484
2010-08-10,84.4059066772461
2010-08-11,82.09263610839844
2010-08-12,81.58940124511719
2010-08-13,81.34907531738281
2010-08-16,81.3115234375
2010-08-17,82.31043243408203
2010-08-18,82.46064758300781
2010-08-19,81.02609252929688
2010-08-20,80.76322174072266
2010-08-23,80.45526123046875
2010-08-24,79.26102447509766
2010-08-25,79.5689926147461
2010-08-26,79.03573608398438
2010-08-27,80.26001739501953
2010-08-30,79.09584045410156
2010-08-31,79.09584045410156
2010-09-01,81.46173858642578
2010-09-02,82.22029113769531
2010-09-03,83.2868423461914
2010-09-07,82.3479995727539
2010-09-08,82.92634582519531
2010-09-09,83.30937194824219
2010-09-10,83.72996520996094
2010-09-13,84.66130065917969
2010-09-14,84.60872650146484
2010-09-15,84.93169403076172
2010-09-16,84.90916442871094
2010-09-17,84.94090270996094
2010-09-20,86.23965454101562
2010-09-21,86.06599426269531
2010-09-22,85.64314270019531
2010-09-23,84.94842529296875
2010-09-24,86.70024871826172
2010-09-27,86.28492736816406
2010-09-28,86.58699035644531
2010-09-29,86.43595123291016
2010-09-30,86.17926788330078
2010-10-01,86.54168701171875
2010-10-04,85.89228820800781
2010-10-05,87.6214828491211
2010-10-06,87.61392974853516
2010-10-07,87.50821685791016
2010-10-08,87.99903869628906
2010-10-11,88.08211517333984
2010-10-12,88.3539047241211
2010-10-13,89.04103088378906
2010-10-14,88.69373321533203
2010-10-15,88.87491607666016
2010-10-18,89.31291198730469
2010-10-19,88.14250183105469
2010-10-20,89.00328826904297
2010-10-21,89.1995849609375
2010-10-22,89.36571502685547
2010-10-25,89.63002014160156
2010-10-26,89.6451416015625
2010-10-27,89.38838195800781
2010-10-28,89.40350341796875
2010-10-29,89.47145080566406
2010-11-01,89.50164031982422
2010-11-02,90.21145629882812
2010-11-03,90.57390594482422
2010-11-04,92.31819152832031
2010-11-05,92.66551208496094
2010-11-08,92.49185943603516
2010-11-09,91.827392578125
2010-11-10,92.1973648071289
2010-11-11,91.8499984741211
2010-11-12,90.7626724243164
2010-11-15,90.63433074951172
2010-11-16,89.2222900390625
2010-11-17,89.26758575439453
2010-11-18,90.5814437866211
2010-11-19,90.83062744140625
2010-11-22,90.75511932373047
2010-11-23,89.44123077392578
2010-11-24,90.7626724243164
2010-11-26,89.70552062988281
2010-11-29,89.97737121582031
2010-11-30,89.47145080566406
2010-12-01,91.37429809570312
2010-12-02,92.54469299316406
2010-12-03,92.79389953613281
2010-12-06,92.69573974609375
2010-12-07,92.74860382080078
2010-12-08,93.08837127685547
2010-12-09,93.4508285522461
2010-12-10,93.99449920654297
2010-12-13,94.05490112304688
2010-12-14,94.13794708251953
2010-12-15,93.70756530761719
2010-12-16,94.25123596191406
2010-12-17,94.35218811035156
2010-12-20,94.57992553710938
2010-12-21,95.17955780029297
2010-12-22,95.47561645507812
2010-12-23,95.3389892578125
2010-12-27,95.37694549560547
2010-12-28,95.51354217529297
2010-12-29,95.58185577392578
2010-12-30,95.43003845214844
2010-12-31,95.45281982421875
2011-01-03,96.43965148925781
2011-01-04,96.38648223876953
2011-01-05,96.88746643066406
2011-01-06,96.69770812988281
2011-01-07,96.50796508789062
2011-01-10,96.38648223876953
2011-01-11,96.72806549072266
2011-01-12,97.60098266601562
2011-01-13,97.44155883789062
2011-01-14,98.14751434326172
2011-01-18,98.31453704833984
2011-01-19,97.35053253173828
2011-01-20,97.22149658203125
2011-01-21,97.44155883789062
2011-01-24,97.9957046508789
2011-01-25,98.04883575439453
2011-01-26,98.42835998535156
2011-01-27,98.67127227783203
2011-01-28,96.94820404052734
2011-01-31,97.67689514160156
2011-02-01,99.24058532714844
2011-02-02,99.05081939697266
2011-02-03,99.27095794677734
2011-02-04,99.55181121826172
2011-02-07,100.1742935180664
2011-02-08,100.62967681884766
2011-02-09,100.40196228027344
2011-02-10,100.43988037109375
2011-02-11,101.03958892822266
2011-02-14,101.28242492675781
2011-02-15,100.96365356445312
2011-02-16,101.601318359375
2011-02-17,101.9049301147461
2011-02-18,102.11744689941406
2011-02-22,100.06795501708984
2011-02-23,99.45313262939453
2011-02-24,99.3847885131836
2011-02-25,100.4474868774414
2011-02-28,101.0699462890625
2011-03-01,99.3847885131836
2011-03-02,99.59734344482422
2011-03-03,101.3128433227539
2011-03-04,100.55377197265625
2011-03-07,99.76434326171875
2011-03-08,100.63725280761719
2011-03-09,100.49304962158203
2011-03-10,98.63334655761719
2011-03-11,99.31647491455078
2011-03-14,98.71685028076172
2011-03-15,97.5858154296875
2011-03-16,95.77925109863281
2011-03-17,97.04685974121094
2011-03-18,97.39984893798828
2011-03-21,98.90934753417969
2011-03-22,98.56624603271484
2011-03-23,98.84833526611328
2011-03-24,99.7936782836914
2011-03-25,100.09864807128906
2011-03-28,99.85470581054688
2011-03-29,100.52554321289062
2011-03-30,101.21928405761719
2011-03-31,101.08210754394531
2011-04-01,101.5090103149414
2011-04-04,101.59284210205078
2011-04-05,101.5776596069336
2011-04-06,101.89778900146484
2011-04-07,101.63862609863281
2011-04-08,101.28791046142578
2011-04-11,100.98295593261719
2011-04-12,100.22823333740234
2011-04-13,100.2206039428711
2011-04-14,100.29682922363281
2011-04-15,100.66277313232422
2011-04-18,99.53448486328125
2011-04-19,100.10624694824219
2011-04-20,101.47087097167969
2011-04-21,101.98932647705078
2011-04-25,101.88260650634766
2011-04-26,102.75929260253906
2011-04-27,103.43016815185547
2011-04-28,103.76560974121094
2011-04-29,104.00959014892578
2011-05-02,103.84949493408203
2011-05-03,103.47589111328125
2011-05-04,102.78977966308594
2011-05-05,101.85970306396484
2011-05-06,102.30949401855469
2011-05-09,102.7059097290039
2011-05-10,103.58265686035156
2011-05-11,102.49244689941406
2011-05-12,102.98040008544922
2011-05-13,102.18754577636719
2011-05-16,101.53951263427734
2011-05-17,101.52425384521484
2011-05-18,102.4314956665039
2011-05-19,102.67540740966797
2011-05-20,101.85970306396484
2011-05-23,100.67804718017578
2011-05-24,100.59418487548828
2011-05-25,100.92961883544922
2011-05-26,101.39463806152344
2011-05-27,101.783447265625
2011-05-31,102.8431396484375
2011-06-01,100.53315734863281
2011-06-02,100.42645263671875
2011-06-03,99.427734375
2011-06-06,98.37567138671875
2011-06-07,98.31471252441406
2011-06-08,97.90300750732422
2011-06-09,98.650146484375
2011-06-10,97.27787780761719
2011-06-13,97.35413360595703
2011-06-14,98.5891342163086
2011-06-15,96.8357162475586
2011-06-16,97.04918670654297
2011-06-17,97.33877563476562
2011-06-20,97.83678436279297
2011-06-21,99.17749786376953
2011-06-22,98.57990264892578
2011-06-23,98.29644012451172
2011-06-24,97.15487670898438
2011-06-27,98.0206298828125
2011-06-28,99.30010223388672
2011-06-29,100.15052795410156
2011-06-30,101.10823822021484
2011-07-01,102.60221099853516
2011-07-05,102.5179214477539
2011-07-06,102.6405029296875
2011-07-07,103.70543670654297
2011-07-08,102.96990966796875
2011-07-11,101.10823822021484
2011-07-12,100.6715087890625
2011-07-13,101.00859069824219
2011-07-14,100.31139373779297
2011-07-15,100.8936996459961
2011-07-18,100.06624603271484
2011-07-19,101.69044494628906
2011-07-20,101.62918853759766
2011-07-21,103.03893280029297
2011-07-22,103.10785675048828
2011-07-25,102.5332260131836
2011-07-26,102.15017700195312
2011-07-27,100.05858612060547
2011-07-28,99.76744842529297
2011-07-29,99.0855712890625
2011-08-01,98.66419982910156
2011-08-02,96.1435775756836
2011-08-03,96.66454315185547
2011-08-04,92.13665771484375
2011-08-05,91.99872589111328
2011-08-08,86.00747680664062
2011-08-09,90.0067367553711
2011-08-10,86.03046417236328
2011-08-11,89.89185333251953
2011-08-12,90.49708557128906
2011-08-15,92.4124526977539
2011-08-16,91.6233139038086
2011-08-17,91.68457794189453
2011-08-18,87.7313003540039
2011-08-19,86.29862213134766
2011-08-22,86.3675537109375
2011-08-23,89.20996856689453
2011-08-24,90.46644592285156
2011-08-25,89.08735656738281
2011-08-26,90.38217163085938
2011-08-29,92.97940826416016
2011-08-30,93.22456359863281
2011-08-31,93.63829803466797
2011-09-01,92.65764617919922
2011-09-02,90.29024505615234
2011-09-06,89.63131713867188
2011-09-07,92.15962982177734
2011-09-08,91.20194244384766
2011-09-09,88.81157684326172
2011-09-12,89.38619232177734
2011-09-13,90.20596313476562
2011-09-14,91.45477294921875
2011-09-15,93.0330581665039
2011-09-16,93.58365631103516
2011-09-19,92.65180969238281
2011-09-20,92.54399871826172
2011-09-21,89.81782531738281
2011-09-22,86.91450500488281
2011-09-23,87.43818664550781
2011-09-26,89.51749420166016
2011-09-27,90.51862335205078
2011-09-28,88.67035675048828
2011-09-29,89.37117004394531
2011-09-30,87.13784790039062
2011-10-03,84.65809631347656
2011-10-04,86.51403045654297
2011-10-05,88.11588287353516
2011-10-06,89.70999145507812
2011-10-07,89.10934448242188
2011-10-10,92.08966064453125
2011-10-11,92.18204498291016
2011-10-12,92.99064636230469
2011-10-13,92.80587005615234
2011-10-14,94.39227294921875
2011-10-17,92.59024047851562
2011-10-18,94.39999389648438
2011-10-19,93.2833023071289
2011-10-20,93.69146728515625
2011-10-21,95.47044372558594
2011-10-24,96.6410140991211
2011-10-25,94.76190185546875
2011-10-26,95.72455596923828
2011-10-27,99.05913543701172
2011-10-28,99.0360336303711
2011-10-31,96.64869689941406
2011-11-01,93.95332336425781
2011-11-02,95.48583221435547
2011-11-03,97.2262954711914
2011-11-04,96.63330078125
2011-11-07,97.23397827148438
2011-11-08,98.48153686523438
2011-11-09,94.84664916992188
2011-11-10,95.73998260498047
2011-11-11,97.5420150756836
2011-11-14,96.6178970336914
2011-11-15,97.09530639648438
2011-11-16,95.55514526367188
2011-11-17,94.03800964355469
2011-11-18,93.93791961669922
2011-11-21,92.15126037597656
2011-11-22,91.789306640625
2011-11-23,89.76388549804688
2011-11-25,89.59451293945312
2011-11-28,92.18978118896484
2011-11-29,92.45161437988281
2011-11-30,96.25592803955078
2011-12-01,96.24054718017578
2011-12-02,96.15580749511719
2011-12-05,97.20315551757812
2011-12-06,97.23397827148438
2011-12-07,97.59593200683594
2011-12-08,95.45501708984375
2011-12-09,97.0722427368164
2011-12-12,95.65525817871094
2011-12-13,94.76190185546875
2011-12-14,93.7530746459961
2011-12-15,94.09192657470703
2011-12-16,94.23141479492188
2011-12-19,93.22393798828125
2011-12-20,96.044921875
2011-12-21,96.23091125488281
2011-12-22,97.0833969116211
2011-12-23,97.95140075683594
2011-12-27,98.02889251708984
2011-12-28,96.7424087524414
2011-12-29,97.74214935302734
2011-12-30,97.26165008544922
2012-01-03,98.81163024902344
2012-01-04,98.96664428710938
2012-01-05,99.23013305664062
2012-01-06,98.97441101074219
2012-01-09,99.21461486816406
2012-01-10,100.07489013671875
2012-01-11,100.12911987304688
2012-01-12,100.369384765625
2012-01-13,99.85010528564453
2012-01-17,100.23762512207031
2012-01-18,101.3458480834961
2012-01-19,101.880615234375
2012-01-20,102.2603759765625
2012-01-23,101.99686431884766
2012-01-24,101.880615234375
2012-01-25,102.73310089111328
2012-01-26,102.20610809326172
2012-01-27,102.15962219238281
2012-01-30,101.81087493896484
2012-01-31,101.77212524414062
2012-02-01,102.6633529663086
2012-02-02,102.82612609863281
2012-02-03,104.26757049560547
2012-02-06,104.19783020019531
2012-02-07,104.46135711669922
2012-02-08,104.77132415771484
2012-02-09,104.9030990600586
2012-02-10,104.12812042236328
2012-02-13,104.9030990600586
2012-02-14,104.77132415771484
2012-02-15,104.28311920166016
2012-02-16,105.43785858154297
2012-02-17,105.71682739257812
2012-02-21,105.76336669921875
2012-02-22,105.42234802246094
2012-02-23,105.88734436035156
2012-02-24,106.11981964111328
2012-02-27,106.29808807373047
2012-02-28,106.60807037353516
2012-02-29,106.18961334228516
2012-03-01,106.73983764648438
2012-03-02,106.41431427001953
2012-03-05,105.98035430908203
2012-03-06,104.43035125732422
2012-03-07,105.15886688232422
2012-03-08,106.2050552368164
2012-03-09,106.6158676147461
2012-03-12,106.62355041503906
2012-03-13,108.54553985595703
2012-03-14,108.4293212890625
2012-03-15,109.05704498291016
2012-03-16,109.20807647705078
2012-03-19,109.63615417480469
2012-03-20,109.31704711914062
2012-03-21,109.1380386352539
2012-03-22,108.35183715820312
2012-03-23,108.70214080810547
2012-03-26,110.22772216796875
2012-03-27,109.88524627685547
2012-03-28,109.34040069580078
2012-03-29,109.1535873413086
2012-03-30,109.60504913330078
2012-04-02,110.40676879882812
2012-04-03,109.9552993774414
2012-04-04,108.86557006835938
2012-04-05,108.81106567382812
2012-04-09,107.58901977539062
2012-04-10,105.78315734863281
2012-04-11,106.63937377929688
2012-04-12,108.03266906738281
2012-04-13,106.74834442138672
2012-04-16,106.67830657958984
2012-04-17,108.25845336914062
2012-04-18,107.892578125
2012-04-19,107.19979095458984
2012-04-20,107.37879943847656
2012-04-23,106.47592163085938
2012-04-24,106.88066864013672
2012-04-25,108.34405517578125
2012-04-26,109.09910583496094
2012-04-27,109.27811431884766
2012-04-30,108.87339782714844
2012-05-01,109.5505599975586
2012-05-02,109.22362518310547
2012-05-03,108.39073944091797
2012-05-04,106.63937377929688
2012-05-07,106.71723937988281
2012-05-08,106.28909301757812
2012-05-09,105.65859985351562
2012-05-10,105.87655639648438
2012-05-11,105.55740356445312
2012-05-14,104.38983154296875
2012-05-15,103.79046630859375
2012-05-16,103.39347839355469
2012-05-17,101.86003875732422
2012-05-18,100.98825073242188
2012-05-21,102.72412872314453
2012-05-22,102.90311431884766
2012-05-23,102.95760345458984
2012-05-24,103.15996551513672
2012-05-25,102.82527160644531
2012-05-29,104.07069396972656
2012-05-30,102.56060028076172
2012-05-31,102.33490753173828
2012-06-01,99.75841522216797
2012-06-04,99.71172332763672
2012-06-05,100.46675872802734
2012-06-06,102.72412872314453
2012-06-07,102.78636932373047
2012-06-08,103.60364532470703
2012-06-11,102.28816986083984
2012-06-12,103.46356201171875
2012-06-13,102.80192565917969
2012-06-14,103.89167785644531
2012-06-15,104.95417785644531
2012-06-18,105.1576156616211
2012-06-19,106.17475891113281
2012-06-20,106.00261688232422
2012-06-21,103.62407684326172
2012-06-22,104.42215728759766
2012-06-25,102.74774932861328
2012-06-26,103.26415252685547
2012-06-27,104.19526672363281
2012-06-28,103.89793395996094
2012-06-29,106.48770904541016
2012-07-02,106.80853271484375
2012-07-03,107.5127182006836
2012-07-05,107.02759552001953
2012-07-06,106.01048278808594
2012-07-09,105.87745666503906
2012-07-10,104.95417785644531
2012-07-11,104.96983337402344
2012-07-12,104.46125030517578
2012-07-13,106.21390533447266
2012-07-16,105.9635009765625
2012-07-17,106.69116973876953
2012-07-18,107.48138427734375
2012-07-19,107.76310729980469
2012-07-20,106.77729034423828
2012-07-23,105.6974868774414
2012-07-24,104.78988647460938
2012-07-25,104.81336975097656
2012-07-26,106.54248809814453
2012-07-27,108.50639343261719
2012-07-30,108.50639343261719
2012-07-31,107.74745178222656
2012-08-01,107.65351867675781
2012-08-02,106.91024017333984
2012-08-03,109.03062438964844
2012-08-06,109.2418441772461
2012-08-07,109.78955841064453
2012-08-08,109.922607421875
2012-08-09,110.01651763916016
2012-08-10,110.1964340209961
2012-08-13,110.14167022705078
2012-08-14,110.15731811523438
2012-08-15,110.28246307373047
2012-08-16,111.09623718261719
2012-08-17,111.24488067626953
2012-08-20,111.25271606445312
2012-08-21,110.916259765625
2012-08-22,110.96320343017578
2012-08-23,110.05554962158203
2012-08-24,110.72067260742188
2012-08-27,110.74412536621094
2012-08-28,110.63456726074219
2012-08-29,110.72067260742188
2012-08-30,109.922607421875
2012-08-31,110.4468002319336
2012-09-04,110.3450927734375
2012-09-05,110.2512435913086
2012-09-06,112.48892211914062
2012-09-07,112.92710876464844
2012-09-10,112.28553771972656
2012-09-11,112.5984878540039
2012-09-12,112.9740219116211
2012-09-13,114.69535064697266
2012-09-14,115.20394134521484
2012-09-17,114.81275939941406
2012-09-18,114.71880340576172
2012-09-19,114.7813949584961
2012-09-20,114.78924560546875
2012-09-21,114.74129486083984
2012-09-24,114.5682144165039
2012-09-25,113.34898376464844
2012-09-26,112.71183013916016
2012-09-27,113.77372741699219
2012-09-28,113.2467269897461
2012-10-01,113.54561614990234
2012-10-02,113.66360473632812
2012-10-03,114.12771606445312
2012-10-04,114.94579315185547
2012-10-05,114.95362854003906
2012-10-08,114.56034088134766
2012-10-09,113.42766571044922
2012-10-10,112.70394897460938
2012-10-11,112.76693725585938
2012-10-12,112.3971939086914
2012-10-15,113.333251953125
2012-10-16,114.48167419433594
2012-10-17,115.0008316040039
2012-10-18,114.701904296875
2012-10-19,112.79048156738281
2012-10-22,112.80625915527344
2012-10-23,111.24088287353516
2012-10-24,110.92625427246094
2012-10-25,111.24872589111328
2012-10-26,111.18585968017578
2012-10-31,111.18585968017578
2012-11-01,112.34996795654297
2012-11-02,111.3509750366211
2012-11-05,111.57913208007812
2012-11-06,112.45225524902344
2012-11-07,109.90365600585938
2012-11-08,108.5821762084961
2012-11-09,108.67658233642578
2012-11-12,108.76312255859375
2012-11-13,108.38553619384766
2012-11-14,106.92244720458984
2012-11-15,106.74153900146484
2012-11-16,107.2685317993164
2012-11-19,109.4395980834961
2012-11-20,109.4867935180664
2012-11-21,109.69127655029297
2012-11-23,111.18585968017578
2012-11-26,110.94992065429688
2012-11-27,110.3835220336914
2012-11-28,111.2723159790039
2012-11-29,111.79151916503906
2012-11-30,111.8150863647461
2012-12-03,111.26448822021484
2012-12-04,111.1071548461914
2012-12-05,111.30384826660156
2012-12-06,111.68135833740234
2012-12-07,112.01964569091797
2012-12-10,112.06684875488281
2012-12-11,112.82988739013672
2012-12-12,112.88493347167969
2012-12-13,112.19266510009766
2012-12-14,111.77581024169922
2012-12-17,113.08940124511719
2012-12-18,114.34795379638672
2012-12-19,113.4984130859375
2012-12-20,114.15131378173828
2012-12-21,113.11516571044922
2012-12-24,112.76657104492188
2012-12-26,112.29121398925781
2012-12-27,112.14073944091797
2012-12-28,110.92872619628906
2012-12-31,112.81413269042969
2013-01-02,115.7055435180664
2013-01-03,115.44418334960938
2013-01-04,115.9511489868164
2013-01-07,115.63427734375
2013-01-08,115.30155944824219
2013-01-09,115.59469604492188
2013-01-10,116.51361846923828
2013-01-11,116.50568389892578
2013-01-14,116.42642974853516
2013-01-15,116.50568389892578
2013-01-16,116.48983001708984
2013-01-17,117.242431640625
2013-01-18,117.50382232666016
2013-01-22,118.13756561279297
2013-01-23,118.32772827148438
2013-01-24,118.35939025878906
2013-01-25,119.0247802734375
2013-01-28,118.88227081298828
2013-01-29,119.34962463378906
2013-01-30,118.88227081298828
2013-01-31,118.589111328125
2013-02-01,119.80901336669922
2013-02-04,118.46236419677734
2013-02-05,119.65850830078125
2013-02-06,119.74566650390625
2013-02-07,119.58721923828125
2013-02-08,120.25267028808594
2013-02-11,120.22891235351562
2013-02-12,120.42696380615234
2013-02-13,120.52991485595703
2013-02-14,120.64091491699219
2013-02-15,120.49829864501953
2013-02-19,121.40132141113281
2013-02-20,119.88832092285156
2013-02-21,119.15948486328125
2013-02-22,120.3239974975586
2013-02-25,118.0345687866211
2013-02-26,118.84262084960938
2013-02-27,120.33980560302734
2013-02-28,120.10213470458984
2013-03-01,120.49829864501953
2013-03-04,121.13990020751953
2013-03-05,122.22517395019531
2013-03-06,122.39159393310547
2013-03-07,122.61335754394531
2013-03-08,123.13619232177734
2013-03-11,123.60359191894531
2013-03-12,123.3263168334961
2013-03-13,123.50062561035156
2013-03-14,124.15807342529297
2013-03-15,123.99418640136719
2013-03-18,123.30989837646484
2013-03-19,123.02349090576172
2013-03-20,123.88282012939453
2013-03-21,122.824462890625
2013-03-22,123.81120300292969
2013-03-25,123.29395294189453
2013-03-26,124.28067779541016
2013-03-27,124.28067779541016
2013-03-28,124.66256713867188
2013-04-01,124.16926574707031
2013-04-02,124.78194427490234
2013-04-03,123.51675415039062
2013-04-04,124.01807403564453
2013-04-05,123.46107482910156
2013-04-08,124.29658508300781
2013-04-09,124.72620391845703
2013-04-10,126.2540054321289
2013-04-11,126.66777801513672
2013-04-12,126.3574447631836
2013-04-15,123.42923736572266
2013-04-16,125.25142669677734
2013-04-17,123.42127227783203
2013-04-18,122.64944458007812
2013-04-19,123.7156982421875
2013-04-22,124.2647476196289
2013-04-23,125.5457992553711
2013-04-24,125.6254653930664
2013-04-25,126.13459014892578
2013-04-26,125.91188049316406
2013-04-29,126.7552719116211
2013-04-30,127.05770111083984
2013-05-01,125.94366455078125
2013-05-02,127.11334991455078
2013-05-03,128.40243530273438
2013-05-06,128.7286376953125
2013-05-07,129.38107299804688
2013-05-08,129.96990966796875
2013-05-09,129.60391235351562
2013-05-10,130.02566528320312
2013-05-13,130.1290740966797
2013-05-14,131.47377014160156
2013-05-15,132.1819305419922
2013-05-16,131.5613250732422
2013-05-17,132.83444213867188
2013-05-20,132.82655334472656
2013-05-21,133.01747131347656
2013-05-22,132.03077697753906
2013-05-23,131.64883422851562
2013-05-24,131.5374298095703
2013-05-28,132.32521057128906
2013-05-29,131.4658660888672
2013-05-30,131.95126342773438
2013-05-31,130.05746459960938
2013-06-03,130.7736053466797
2013-06-04,130.14500427246094
2013-06-05,128.32281494140625
2013-06-06,129.4845428466797
2013-06-07,131.1316375732422
2013-06-10,131.1316375732422
2013-06-11,129.7788848876953
2013-06-12,128.7047882080078
2013-06-13,130.6621856689453
2013-06-14,129.84262084960938
2013-06-17,130.84519958496094
2013-06-18,131.87960815429688
2013-06-19,130.05746459960938
2013-06-20,126.83487701416016
2013-06-21,127.241943359375
2013-06-24,125.63423919677734
2013-06-25,126.84207153320312
2013-06-26,128.09793090820312
2013-06-27,128.84983825683594
2013-06-28,128.32188415527344
2013-07-01,129.07379150390625
2013-07-02,128.9538116455078
2013-07-03,129.00982666015625
2013-07-05,130.40170288085938
2013-07-08,131.14556884765625
2013-07-09,132.08949279785156
2013-07-10,132.13748168945312
2013-07-11,133.93727111816406
2013-07-12,133.9932861328125
2013-07-15,134.5052032470703
2013-07-16,134.00128173828125
2013-07-17,134.34523010253906
2013-07-18,135.08114624023438
2013-07-19,135.3211212158203
2013-07-22,135.58511352539062
2013-07-23,135.29710388183594
2013-07-24,134.8011932373047
2013-07-25,135.12916564941406
2013-07-26,135.27310180664062
2013-07-29,134.85714721679688
2013-07-30,134.85714721679688
2013-07-31,134.9531707763672
2013-08-01,136.5130157470703
2013-08-02,136.74497985839844
2013-08-05,136.54495239257812
2013-08-06,135.76907348632812
2013-08-07,135.32911682128906
2013-08-08,135.8250732421875
2013-08-09,135.43313598632812
2013-08-12,135.27310180664062
2013-08-13,135.673095703125
2013-08-14,134.9771728515625
2013-08-15,133.08938598632812
2013-08-16,132.6494140625
2013-08-19,131.80152893066406
2013-08-20,132.44944763183594
2013-08-21,131.63352966308594
2013-08-22,132.83340454101562
2013-08-23,133.28134155273438
2013-08-26,132.78536987304688
2013-08-27,130.64964294433594
2013-08-28,131.11363220214844
2013-08-29,131.321533203125
2013-08-30,130.9055938720703
2013-09-03,131.4974822998047
2013-09-04,132.58541870117188
2013-09-05,132.75341796875
2013-09-06,132.81739807128906
2013-09-09,134.08926391601562
2013-09-10,135.08114624023438
2013-09-11,135.50511169433594
2013-09-12,135.14517211914062
2013-09-13,135.44908142089844
2013-09-16,136.2330322265625
2013-09-17,136.84095764160156
2013-09-18,138.4247589111328
2013-09-19,138.19277954101562
2013-09-20,137.22666931152344
2013-09-23,136.59158325195312
2013-09-24,136.2700958251953
2013-09-25,135.87625122070312
2013-09-26,136.39874267578125
2013-09-27,135.77171325683594
2013-09-30,135.04833984375
2013-10-01,136.11741638183594
2013-10-02,135.98878479003906
2013-10-03,134.73475646972656
2013-10-04,135.75559997558594
2013-10-07,134.58209228515625
2013-10-08,133.0146942138672
2013-10-09,133.11114501953125
2013-10-10,135.98074340820312
2013-10-11,136.8568572998047
2013-10-14,137.40342712402344
2013-10-15,136.40672302246094
2013-10-16,138.3118438720703
2013-10-17,139.23614501953125
2013-10-18,140.1766357421875
2013-10-21,140.1846160888672
2013-10-22,140.99652099609375
2013-10-23,140.32130432128906
2013-10-24,140.7874755859375
2013-10-25,141.43057250976562
2013-10-28,141.65565490722656
2013-10-29,142.4111785888672
2013-10-30,141.70384216308594
2013-10-31,141.30194091796875
2013-11-01,141.6395263671875
2013-11-04,142.137939453125
2013-11-05,141.68775939941406
2013-11-06,142.4111785888672
2013-11-07,140.6106414794922
2013-11-08,142.5076904296875
2013-11-11,142.5317840576172
2013-11-12,142.24241638183594
2013-11-13,143.3838348388672
2013-11-14,144.09921264648438
2013-11-15,144.72622680664062
2013-11-18,144.2198028564453
2013-11-19,143.90628051757812
2013-11-20,143.45616149902344
2013-11-21,144.61367797851562
2013-11-22,145.33706665039062
2013-11-25,145.19239807128906
2013-11-26,145.2325897216797
2013-11-27,145.58628845214844
2013-11-29,145.4897918701172
2013-12-02,145.1119842529297
2013-12-03,144.48501586914062
2013-12-04,144.46893310546875
2013-12-05,143.83399963378906
2013-12-06,145.4415740966797
2013-12-09,145.8113250732422
2013-12-10,145.2888641357422
2013-12-11,143.65711975097656
2013-12-12,143.18284606933594
2013-12-13,143.16680908203125
2013-12-16,144.0589599609375
2013-12-17,143.600830078125
2013-12-18,146.05247497558594
2013-12-19,145.88365173339844
2013-12-20,146.73223876953125
2013-12-23,147.5162353515625
2013-12-24,147.83946228027344
2013-12-26,148.59104919433594
2013-12-27,148.58297729492188
2013-12-30,148.5587615966797
2013-12-31,149.26185607910156
2014-01-02,147.83139038085938
2014-01-03,147.80712890625
2014-01-06,147.37876892089844
2014-01-07,148.28396606445312
2014-01-08,148.31626892089844
2014-01-09,148.4132537841797
2014-01-10,148.81736755371094
2014-01-13,146.83731079101562
2014-01-14,148.43748474121094
2014-01-15,149.2375946044922
2014-01-16,149.04368591308594
2014-01-17,148.4132537841797
2014-01-21,148.8496551513672
2014-01-22,148.9467010498047
2014-01-23,147.7262725830078
2014-01-24,144.5744171142578
2014-01-27,143.8632354736328
2014-01-28,144.71987915039062
2014-01-29,143.32980346679688
2014-01-30,144.84921264648438
2014-01-31,144.0006103515625
2014-02-03,140.75982666015625
2014-02-04,141.74578857421875
2014-02-05,141.5680389404297
2014-02-06,143.43490600585938
2014-02-07,145.21287536621094
2014-02-10,145.4796142578125
2014-02-11,147.07168579101562
2014-02-12,147.14443969726562
2014-02-13,147.90414428710938
2014-02-14,148.7204132080078
2014-02-18,148.8982391357422
2014-02-19,147.91224670410156
2014-02-20,148.78501892089844
2014-02-21,148.6153106689453
2014-02-24,149.43966674804688
2014-02-25,149.383056640625
2014-02-26,149.39114379882812
2014-02-27,150.1750946044922
2014-02-28,150.5548858642578
2014-03-03,149.4962615966797
2014-03-04,151.5975341796875
2014-03-05,151.73487854003906
2014-03-06,152.08236694335938
2014-03-07,152.1470184326172
2014-03-10,152.0662384033203
2014-03-11,151.3146209716797
2014-03-12,151.35494995117188
2014-03-13,149.65780639648438
2014-03-14,149.2375946044922
2014-03-17,150.5872039794922
2014-03-18,151.66213989257812
2014-03-19,150.85394287109375
2014-03-20,151.73487854003906
2014-03-21,151.14633178710938
2014-03-24,150.5213165283203
2014-03-25,151.235595703125
2014-03-26,150.1479034423828
2014-03-27,149.83131408691406
2014-03-28,150.57008361816406
2014-03-31,151.80384826660156
2014-04-01,152.81044006347656
2014-04-02,153.32183837890625
2014-04-03,153.118896484375
2014-04-04,151.30874633789062
2014-04-07,149.63650512695312
2014-04-08,150.25341796875
2014-04-09,151.8688201904297
2014-04-10,148.67861938476562
2014-04-11,147.33929443359375
2014-04-14,148.50010681152344
2014-04-15,149.52288818359375
2014-04-16,151.0895233154297
2014-04-17,151.30056762695312
2014-04-21,151.82823181152344
2014-04-22,152.51817321777344
2014-04-23,152.1610107421875
2014-04-24,152.46946716308594
2014-04-25,151.21939086914062
2014-04-28,151.6983184814453
2014-04-29,152.40451049804688
2014-04-30,152.859130859375
2014-05-01,152.87535095214844
2014-05-02,152.65618896484375
2014-05-05,152.9484100341797
2014-05-06,151.61715698242188
2014-05-07,152.5100555419922
2014-05-08,152.34774780273438
2014-05-09,152.57505798339844
2014-05-12,154.0605010986328
2014-05-13,154.19850158691406
2014-05-14,153.4679718017578
2014-05-15,152.1204376220703
2014-05-16,152.64801025390625
2014-05-19,153.2081756591797
2014-05-20,152.24221801757812
2014-05-21,153.5247039794922
2014-05-22,153.89817810058594
2014-05-23,154.5150604248047
2014-05-27,155.46478271484375
2014-05-28,155.3511505126953
2014-05-29,156.15475463867188
2014-05-30,156.40643310546875
2014-06-02,156.5850067138672
2014-06-03,156.50384521484375
2014-06-04,156.8203887939453
2014-06-05,157.8431854248047
2014-06-06,158.59812927246094
2014-06-09,158.76051330566406
2014-06-10,158.77671813964844
2014-06-11,158.2247314453125
2014-06-12,157.10450744628906
2014-06-13,157.5834197998047
2014-06-16,157.7133026123047
2014-06-17,158.1517333984375
2014-06-18,159.31243896484375
2014-06-19,159.4910888671875
2014-06-20,159.81484985351562
2014-06-23,159.7659149169922
2014-06-24,158.8034210205078
2014-06-25,159.52130126953125
2014-06-26,159.4070281982422
2014-06-27,159.71702575683594
2014-06-30,159.63540649414062
2014-07-01,160.70388793945312
2014-07-02,160.86700439453125
2014-07-03,161.65817260742188
2014-07-07,161.09536743164062
2014-07-08,160.05955505371094
2014-07-09,160.77734375
2014-07-10,160.14105224609375
2014-07-11,160.36131286621094
2014-07-14,161.1687774658203
2014-07-15,160.86700439453125
2014-07-16,161.46243286132812
2014-07-17,159.6272735595703
2014-07-18,161.2584991455078
2014-07-21,160.9567108154297
2014-07-22,161.65817260742188
2014-07-23,162.01707458496094
2014-07-24,162.0251922607422
2014-07-25,161.26669311523438
2014-07-28,161.3319091796875
2014-07-29,160.63864135742188
2014-07-30,160.6630859375
2014-07-31,157.4903106689453
2014-08-01,157.0090789794922
2014-08-04,158.14285278320312
2014-08-05,156.60940551757812
2014-08-06,156.65838623046875
2014-08-07,155.81007385253906
2014-08-08,157.6126708984375
2014-08-11,158.06942749023438
2014-08-12,157.8491668701172
2014-08-13,158.91766357421875
2014-08-14,159.66802978515625
2014-08-15,159.63540649414062
2014-08-18,160.97308349609375
2014-08-19,161.81314086914062
2014-08-20,162.24542236328125
2014-08-21,162.71847534179688
2014-08-22,162.4656524658203
2014-08-25,163.28945922851562
2014-08-26,163.3954620361328
2014-08-27,163.33021545410156
2014-08-28,163.24049377441406
2014-08-29,163.7054443359375
2014-09-02,163.62388610839844
2014-09-03,163.5341796875
2014-09-04,163.29759216308594
2014-09-05,164.0316619873047
2014-09-08,163.60752868652344
2014-09-09,162.5716552734375
2014-09-10,163.18344116210938
2014-09-11,163.37098693847656
2014-09-12,162.4167022705078
2014-09-15,162.29441833496094
2014-09-16,163.51779174804688
2014-09-17,163.738037109375
2014-09-18,164.6107635498047
2014-09-19,164.46246337890625
2014-09-22,163.19229125976562
2014-09-23,162.25814819335938
2014-09-24,163.52830505371094
2014-09-25,160.88963317871094
2014-09-26,162.16802978515625
2014-09-29,161.8730010986328
2014-09-30,161.44691467285156
2014-10-01,159.2589874267578
2014-10-02,159.2835693359375
2014-10-03,161.03713989257812
2014-10-06,160.8486785888672
2014-10-07,158.3657684326172
2014-10-08,161.13551330566406
2014-10-09,157.93966674804688
2014-10-10,156.13687133789062
2014-10-13,153.572021484375
2014-10-14,153.8096923828125
2014-10-15,152.76898193359375
2014-10-16,152.6378936767578
2014-10-17,154.440673828125
2014-10-20,155.94024658203125
2014-10-21,159.02952575683594
2014-10-22,157.898681640625
2014-10-23,159.73426818847656
2014-10-24,160.96340942382812
2014-10-27,160.74217224121094
2014-10-28,162.58592224121094
2014-10-29,162.34010314941406
2014-10-30,163.38082885742188
2014-10-31,165.24911499023438
2014-11-03,165.33921813964844
2014-11-04,164.76565551757812
2014-11-05,165.80638122558594
2014-11-06,166.4700164794922
2014-11-07,166.6257781982422
2014-11-10,167.1501922607422
2014-11-11,167.31410217285156
2014-11-12,167.1337890625
2014-11-13,167.3223114013672
2014-11-14,167.36326599121094
2014-11-17,167.4698486328125
2014-11-18,168.43670654296875
2014-11-19,168.16632080078125
2014-11-20,168.46131896972656
2014-11-21,169.36270141601562
2014-11-24,169.83804321289062
2014-11-25,169.71511840820312
2014-11-26,170.1494140625
2014-11-28,169.7888641357422
2014-12-01,168.60888671875
2014-12-02,169.69874572753906
2014-12-03,170.35427856445312
2014-12-04,170.165771484375
2014-12-05,170.4444122314453
2014-12-08,169.3053436279297
2014-12-09,169.190673828125
2014-12-10,166.47825622558594
2014-12-11,167.3223114013672
2014-12-12,164.61814880371094
2014-12-15,163.48739624023438
2014-12-16,162.17616271972656
2014-12-17,165.3556365966797
2014-12-18,169.4447021484375
2014-12-19,170.16563415527344
2014-12-22,170.9484405517578
2014-12-23,171.1791534423828
2014-12-24,171.1956024169922
2014-12-26,171.74761962890625
2014-12-29,171.9783935546875
2014-12-30,171.05551147460938
2014-12-31,169.358154296875
2015-01-02,169.2675323486328
2015-01-05,166.21058654785156
2015-01-06,164.64508056640625
2015-01-07,166.69676208496094
2015-01-08,169.6548309326172
2015-01-09,168.2952117919922
2015-01-12,166.97689819335938
2015-01-13,166.50721740722656
2015-01-14,165.50196838378906
2015-01-15,163.98587036132812
2015-01-16,166.13650512695312
2015-01-20,166.49072265625
2015-01-21,167.3312530517578
2015-01-22,169.819580078125
2015-01-23,168.8885040283203
2015-01-26,169.28399658203125
2015-01-27,167.05104064941406
2015-01-28,164.90870666503906
2015-01-29,166.43304443359375
2015-01-30,164.3402099609375
2015-02-02,166.37539672851562
2015-02-03,168.7814178466797
2015-02-04,168.13868713378906
2015-02-05,169.83604431152344
2015-02-06,169.36636352539062
2015-02-09,168.6083526611328
2015-02-10,170.40457153320312
2015-02-11,170.50347900390625
2015-02-12,172.1431884765625
2015-02-13,172.85182189941406
2015-02-17,173.12368774414062
2015-02-18,173.14013671875
2015-02-19,173.01657104492188
2015-02-20,174.05477905273438
2015-02-23,174.03005981445312
2015-02-24,174.52444458007812
2015-02-25,174.3761444091797
2015-02-26,174.17013549804688
2015-02-27,173.57687377929688
2015-03-02,174.67274475097656
2015-03-03,173.9559326171875
2015-03-04,173.22256469726562
2015-03-05,173.4120635986328
2015-03-06,170.97312927246094
2015-03-09,171.68174743652344
2015-03-10,168.89678955078125
2015-03-11,168.50123596191406
2015-03-12,170.64352416992188
2015-03-13,169.59710693359375
2015-03-16,171.86300659179688
2015-03-17,171.35215759277344
2015-03-18,173.4120635986328
2015-03-19,172.62112426757812
2015-03-20,174.14476013183594
2015-03-23,173.80548095703125
2015-03-24,172.82884216308594
2015-03-25,170.29620361328125
2015-03-26,169.8907012939453
2015-03-27,170.27967834472656
2015-03-30,172.35704040527344
2015-03-31,170.85073852539062
2015-04-01,170.24658203125
2015-04-02,170.85899353027344
2015-04-06,172.00941467285156
2015-04-07,171.55429077148438
2015-04-08,172.13363647460938
2015-04-09,172.89501953125
2015-04-10,173.83851623535156
2015-04-13,173.05226135253906
2015-04-14,173.38336181640625
2015-04-15,174.1613006591797
2015-04-16,174.11166381835938
2015-04-17,172.10874938964844
2015-04-20,173.68125915527344
2015-04-21,173.4744110107422
2015-04-22,174.32688903808594
2015-04-23,174.7655029296875
2015-04-24,175.17100524902344
2015-04-27,174.44265747070312
2015-04-28,174.9972686767578
2015-04-29,174.27720642089844
2015-04-30,172.53086853027344
2015-05-01,174.40135192871094
2015-05-04,174.8979034423828
2015-05-05,172.89501953125
2015-05-06,172.1832275390625
2015-05-07,172.8701934814453
2015-05-08,175.14622497558594
2015-05-11,174.31028747558594
2015-05-12,173.7888641357422
2015-05-13,173.8219757080078
2015-05-14,175.6345672607422
2015-05-15,175.8248748779297
2015-05-18,176.37115478515625
2015-05-19,176.3131561279297
2015-05-20,176.18907165527344
2015-05-21,176.7022247314453
2015-05-22,176.28005981445312
2015-05-26,174.3848114013672
2015-05-27,176.04013061523438
2015-05-28,175.84140014648438
2015-05-29,174.7489776611328
2015-06-01,175.10484313964844
2015-06-02,174.93101501464844
2015-06-03,175.39450073242188
2015-06-04,173.91299438476562
2015-06-05,173.6151123046875
2015-06-08,172.5474090576172
2015-06-09,172.5225830078125
2015-06-10,174.59169006347656
2015-06-11,175.154541015625
2015-06-12,173.813720703125
2015-06-15,173.06883239746094
2015-06-16,174.0123291015625
2015-06-17,174.29376220703125
2015-06-18,176.10629272460938
2015-06-19,175.32447814941406
2015-06-22,176.2227325439453
2015-06-23,176.34742736816406
2015-06-24,175.06666564941406
2015-06-25,174.53439331054688
2015-06-26,174.50111389160156
2015-06-29,170.84182739257812
2015-06-30,171.19944763183594
2015-07-01,172.5716552734375
2015-07-02,172.41368103027344
2015-07-06,171.9230499267578
2015-07-07,173.00413513183594
2015-07-08,170.10166931152344
2015-07-09,170.40931701660156
2015-07-10,172.55502319335938
2015-07-13,174.45957946777344
2015-07-14,175.21641540527344
2015-07-15,175.1581573486328
2015-07-16,176.5636749267578
2015-07-17,176.71340942382812
2015-07-20,176.8048858642578
2015-07-21,176.10630798339844
2015-07-22,175.7902374267578
2015-07-23,174.80055236816406
2015-07-24,172.98751831054688
2015-07-27,171.981201171875
2015-07-28,174.09365844726562
2015-07-29,175.2911834716797
2015-07-30,175.33282470703125
2015-07-31,175.06666564941406
2015-08-03,174.4761962890625
2015-08-04,174.13519287109375
2015-08-05,174.70907592773438
2015-08-06,173.2786407470703
2015-08-07,172.94590759277344
2015-08-10,175.12493896484375
2015-08-11,173.54470825195312
2015-08-12,173.75270080566406
2015-08-13,173.53643798828125
2015-08-14,174.16845703125
2015-08-17,175.14157104492188
2015-08-18,174.63424682617188
2015-08-19,173.25369262695312
2015-08-20,169.63584899902344
2015-08-21,164.52938842773438
2015-08-24,157.6016082763672
2015-08-25,155.74700927734375
2015-08-26,161.7267608642578
2015-08-27,165.72698974609375
2015-08-28,165.73538208007812
2015-08-31,164.39633178710938
2015-09-01,159.48948669433594
2015-09-02,162.51681518554688
2015-09-03,162.63316345214844
2015-09-04,160.1714324951172
2015-09-08,164.19671630859375
2015-09-09,162.00115966796875
2015-09-10,162.8827362060547
2015-09-11,163.62290954589844
2015-09-14,163.0157928466797
2015-09-15,165.05335998535156
2015-09-16,166.4838409423828
2015-09-17,166.1095733642578
2015-09-18,163.39512634277344
2015-09-21,164.23951721191406
2015-09-22,162.10765075683594
2015-09-23,161.8485870361328
2015-09-24,161.2633056640625
2015-09-25,161.22152709960938
2015-09-28,157.1752471923828
2015-09-29,157.26730346679688
2015-09-30,160.20159912109375
2015-10-01,160.61959838867188
2015-10-02,163.0189666748047
2015-10-05,165.91989135742188
2015-10-06,165.3513641357422
2015-10-07,166.70570373535156
2015-10-08,168.21047973632812
2015-10-09,168.310791015625
2015-10-12,168.46963500976562
2015-10-13,167.4079132080078
2015-10-14,166.60531616210938
2015-10-15,169.16348266601562
2015-10-16,169.93260192871094
2015-10-19,170.0161895751953
2015-10-20,169.798828125
2015-10-21,168.7455291748047
2015-10-22,171.59629821777344
2015-10-23,173.47715759277344
2015-10-26,173.05087280273438
2015-10-27,172.71646118164062
2015-10-28,174.68104553222656
2015-10-29,174.5807342529297
2015-10-30,173.8283233642578
2015-11-02,175.88490295410156
2015-11-03,176.39486694335938
2015-11-04,175.85980224609375
2015-11-05,175.68418884277344
2015-11-06,175.59230041503906
2015-11-09,173.95379638671875
2015-11-10,174.35499572753906
2015-11-11,173.6694793701172
2015-11-12,171.24514770507812
2015-11-13,169.32232666015625
2015-11-16,171.89718627929688
2015-11-17,171.77178955078125
2015-11-18,174.4971466064453
2015-11-19,174.34666442871094
2015-11-20,174.98196411132812
2015-11-23,174.78134155273438
2015-11-24,175.015380859375
2015-11-25,174.9903564453125
2015-11-27,175.1909942626953
2015-11-30,174.46371459960938
2015-12-01,176.1272735595703
2015-12-02,174.3299102783203
2015-12-03,171.88882446289062
2015-12-04,175.24118041992188
2015-12-07,174.17950439453125
2015-12-08,173.00904846191406
2015-12-09,171.66314697265625
2015-12-10,172.10617065429688
2015-12-11,168.7705841064453
2015-12-14,169.623291015625
2015-12-15,171.40391540527344
2015-12-16,173.91192626953125
2015-12-17,171.26182556152344
2015-12-18,168.2108154296875
2015-12-21,169.5984344482422
2015-12-22,171.13735961914062
2015-12-23,173.2566375732422
2015-12-24,172.97067260742188
2015-12-28,172.57545471191406
2015-12-29,174.41717529296875
2015-12-30,173.1809539794922
2015-12-31,171.448486328125
2016-01-04,169.05178833007812
2016-01-05,169.3376922607422
2016-01-06,167.20166015625
2016-01-07,163.19017028808594
2016-01-08,161.39892578125
2016-01-11,161.55868530273438
2016-01-12,162.8622283935547
2016-01-13,158.8003387451172
2016-01-14,161.4073486328125
2016-01-15,157.94256591796875
2016-01-19,158.15277099609375
2016-01-20,156.12606811523438
2016-01-21,157.0006103515625
2016-01-22,160.2216033935547
2016-01-25,157.7996063232422
2016-01-26,159.9524688720703
2016-01-27,158.21165466308594
2016-01-28,159.03579711914062
2016-01-29,162.9126739501953
2016-02-01,162.85382080078125
2016-02-02,159.9188232421875
2016-02-03,160.87757873535156
2016-02-04,161.12985229492188
2016-02-05,158.06028747558594
2016-02-08,155.93264770507812
2016-02-09,155.94105529785156
2016-02-10,155.8064727783203
2016-02-11,153.77975463867188
2016-02-12,156.95021057128906
2016-02-16,159.59925842285156
2016-02-17,162.20632934570312
2016-02-18,161.54188537597656
2016-02-19,161.4662322998047
2016-02-22,163.8041229248047
2016-02-23,161.73536682128906
2016-02-24,162.4754180908203
2016-02-25,164.44322204589844
2016-02-26,164.0648193359375
2016-02-29,162.7781219482422
2016-03-01,166.60450744628906
2016-03-02,167.3529815673828
2016-03-03,168.00900268554688
2016-03-04,168.55560302734375
2016-03-07,168.6901397705078
2016-03-08,166.84840393066406
2016-03-09,167.67263793945312
2016-03-10,167.80711364746094
2016-03-11,170.51507568359375
2016-03-14,170.29640197753906
2016-03-15,170.0188751220703
2016-03-16,171.00279235839844
2016-03-17,172.087646484375
2016-03-18,172.76385498046875
2016-03-21,173.009033203125
2016-03-22,172.91604614257812
2016-03-23,171.77488708496094
2016-03-24,171.69883728027344
2016-03-28,171.80026245117188
2016-03-29,173.3894500732422
2016-03-30,174.15017700195312
2016-03-31,173.7275390625
2016-04-01,174.91104125976562
2016-04-04,174.34466552734375
2016-04-05,172.60328674316406
2016-04-06,174.48834228515625
2016-04-07,172.4004669189453
2016-04-08,172.8653106689453
2016-04-11,172.4595947265625
2016-04-12,174.0656280517578
2016-04-13,175.82391357421875
2016-04-14,175.8323974609375
2016-04-15,175.637939453125
2016-04-18,176.87208557128906
2016-04-19,177.4299774169922
2016-04-20,177.5990447998047
2016-04-21,176.64389038085938
2016-04-22,176.64389038085938
2016-04-25,176.33953857421875
2016-04-26,176.60154724121094
2016-04-27,176.96507263183594
2016-04-28,175.3589630126953
2016-04-29,174.41224670410156
2016-05-02,175.79856872558594
2016-05-03,174.26852416992188
2016-05-04,173.29644775390625
2016-05-05,173.2626190185547
2016-05-06,173.8966522216797
2016-05-09,174.04029846191406
2016-05-10,176.20431518554688
2016-05-11,174.55593872070312
2016-05-12,174.60671997070312
2016-05-13,173.08514404296875
2016-05-16,174.7926483154297
2016-05-17,173.16119384765625
2016-05-18,173.21192932128906
2016-05-19,172.6117401123047
2016-05-20,173.70220947265625
2016-05-23,173.46551513671875
2016-05-24,175.71405029296875
2016-05-25,176.90589904785156
2016-05-26,176.9565887451172
2016-05-27,177.71737670898438
2016-05-31,177.37930297851562
2016-06-01,177.7427520751953
2016-06-02,178.28375244140625
2016-06-03,177.7512664794922
2016-06-06,178.65567016601562
2016-06-07,178.93463134765625
2016-06-08,179.51788330078125
2016-06-09,179.2727508544922
2016-06-10,177.57371520996094
2016-06-13,176.20431518554688
2016-06-14,175.85769653320312
2016-06-15,175.61257934570312
2016-06-16,176.13665771484375
2016-06-17,175.48074340820312
2016-06-20,176.61083984375
2016-06-21,177.1121063232422
2016-06-22,176.8232421875
2016-06-23,179.1259307861328
2016-06-24,172.6936492919922
2016-06-27,169.6007537841797
2016-06-28,172.6597137451172
2016-06-29,175.59967041015625
2016-06-30,177.99581909179688
2016-07-01,178.3697052001953
2016-07-05,177.086669921875
2016-07-06,178.1487579345703
2016-07-07,178.03831481933594
2016-07-08,180.68936157226562
2016-07-11,181.32666015625
2016-07-12,182.6437530517578
2016-07-13,182.6182403564453
2016-07-14,183.637939453125
2016-07-15,183.39151000976562
2016-07-18,183.8842315673828
2016-07-19,183.69737243652344
2016-07-20,184.4620819091797
2016-07-21,183.76535034179688
2016-07-22,184.5895233154297
2016-07-25,184.0882110595703
2016-07-26,184.1732177734375
2016-07-27,183.97775268554688
2016-07-28,184.1901397705078
2016-07-29,184.48756408691406
2016-08-01,184.33462524414062
2016-08-02,183.15354919433594
2016-08-03,183.68882751464844
2016-08-04,183.8842315673828
2016-08-05,185.3882598876953
2016-08-08,185.2777862548828
2016-08-09,185.3882598876953
2016-08-10,184.92935180664062
2016-08-11,185.78758239746094
2016-08-12,185.6261749267578
2016-08-15,186.16148376464844
2016-08-16,185.20135498046875
2016-08-17,185.54971313476562
2016-08-18,185.96604919433594
2016-08-19,185.69415283203125
2016-08-22,185.6856689453125
2016-08-23,186.05950927734375
2016-08-24,185.1078338623047
2016-08-25,184.98040771484375
2016-08-26,184.63197326660156
2016-08-29,185.54122924804688
2016-08-30,185.23529052734375
2016-08-31,184.70848083496094
2016-09-01,184.71697998046875
2016-09-02,185.54971313476562
2016-09-06,186.11048889160156
2016-09-07,186.09349060058594
2016-09-08,185.66864013671875
2016-09-09,181.22471618652344
2016-09-12,183.82479858398438
2016-09-13,181.1822052001953
2016-09-14,181.11422729492188
2016-09-15,182.9241180419922
2016-09-16,182.21701049804688
2016-09-19,182.2511444091797
2016-09-20,182.2596893310547
2016-09-21,184.30931091308594
2016-09-22,185.470703125
2016-09-23,184.45445251464844
2016-09-26,182.96002197265625
2016-09-27,184.09580993652344
2016-09-28,185.00953674316406
2016-09-29,183.33570861816406
2016-09-30,184.71920776367188
2016-10-03,184.27513122558594
2016-10-04,183.33570861816406
2016-10-05,184.14706420898438
2016-10-06,184.27513122558594
2016-10-07,183.6431121826172
2016-10-10,184.59962463378906
2016-10-11,182.26821899414062
2016-10-12,182.50735473632812
2016-10-13,181.9095001220703
2016-10-14,182.00347900390625
2016-10-17,181.37152099609375
2016-10-18,182.50735473632812
2016-10-19,182.99412536621094
2016-10-20,182.6525421142578
2016-10-21,182.73793029785156
2016-10-24,183.5150909423828
2016-10-25,182.9001922607422
2016-10-26,182.53297424316406
2016-10-27,182.04615783691406
2016-10-28,181.50819396972656
2016-10-31,181.5167236328125
2016-11-01,180.20155334472656
2016-11-02,179.1170196533203
2016-11-03,178.2971954345703
2016-11-04,178.10072326660156
2016-11-07,182.0290985107422
2016-11-08,182.8489532470703
2016-11-09,184.78749084472656
2016-11-10,185.24868774414062
2016-11-11,184.82171630859375
2016-11-14,184.9668426513672
2016-11-15,186.4101104736328
2016-11-16,186.05995178222656
2016-11-17,187.0164794921875
2016-11-18,186.59799194335938
2016-11-21,188.00711059570312
2016-11-22,188.37435913085938
2016-11-23,188.47677612304688
2016-11-25,189.1770782470703
2016-11-28,188.28892517089844
2016-11-29,188.65615844726562
2016-11-30,188.20352172851562
2016-12-01,187.5117950439453
2016-12-02,187.605712890625
2016-12-05,188.73297119140625
2016-12-06,189.3307647705078
2016-12-07,191.8073272705078
2016-12-08,192.27706909179688
2016-12-09,193.43846130371094
2016-12-12,193.21644592285156
2016-12-13,194.50599670410156
2016-12-14,192.9005126953125
2016-12-15,193.69468688964844
2016-12-16,193.3158721923828
2016-12-19,193.7367401123047
2016-12-20,194.4841766357422
2016-12-21,193.9429931640625
2016-12-22,193.6079864501953
2016-12-23,193.89141845703125
2016-12-27,194.3725128173828
2016-12-28,192.76605224609375
2016-12-29,192.72315979003906
2016-12-30,192.01878356933594
2017-01-03,193.4876708984375
2017-01-04,194.6387939453125
2017-01-05,194.4841766357422
2017-01-06,195.17996215820312
2017-01-09,194.53565979003906
2017-01-10,194.53565979003906
2017-01-11,195.08554077148438
2017-01-12,194.59580993652344
2017-01-13,195.04251098632812
2017-01-17,194.35525512695312
2017-01-18,194.78482055664062
2017-01-19,194.06321716308594
2017-01-20,194.77622985839844
2017-01-23,194.26943969726562
2017-01-24,195.5149688720703
2017-01-25,197.20733642578125
2017-01-26,197.00108337402344
2017-01-27,196.69186401367188
2017-01-30,195.47203063964844
2017-01-31,195.45484924316406
2017-02-01,195.53219604492188
2017-02-02,195.66099548339844
2017-02-03,197.0096893310547
2017-02-06,196.657470703125
2017-02-07,196.66607666015625
2017-02-08,196.92379760742188
2017-02-09,198.0920867919922
2017-02-10,198.873779296875
2017-02-13,199.95616149902344
2017-02-14,200.7550811767578
2017-02-15,201.80307006835938
2017-02-16,201.6313018798828
2017-02-17,201.94911193847656
2017-02-21,203.1517333984375
2017-02-22,202.97137451171875
2017-02-23,203.1087646484375
2017-02-24,203.36648559570312
2017-02-27,203.684326171875
2017-02-28,203.1345672607422
2017-03-01,205.9779815673828
2017-03-02,204.6808319091797
2017-03-03,204.8096466064453
2017-03-06,204.19981384277344
2017-03-07,203.58984375
2017-03-08,203.2118682861328
2017-03-09,203.46958923339844
2017-03-10,204.1825714111328
2017-03-13,204.28570556640625
2017-03-14,203.5039520263672
2017-03-15,205.2649383544922
2017-03-16,204.86129760742188
2017-03-17,204.50149536132812
2017-03-20,204.27711486816406
2017-03-21,201.65432739257812
2017-03-22,202.1288299560547
2017-03-23,201.9131622314453
2017-03-24,201.76649475097656
2017-03-27,201.55935668945312
2017-03-28,203.026123046875
2017-03-29,203.21595764160156
2017-03-30,203.86297607421875
2017-03-31,203.38845825195312
2017-04-03,203.0347442626953
2017-04-04,203.16415405273438
2017-04-05,202.56024169921875
2017-04-06,203.129638671875
2017-04-07,202.92257690429688
2017-04-10,203.04336547851562
2017-04-11,202.8018035888672
2017-04-12,201.9131622314453
2017-04-13,200.6016845703125
2017-04-17,202.37905883789062
2017-04-18,201.77511596679688
2017-04-19,201.40411376953125
2017-04-20,203.04336547851562
2017-04-21,202.39627075195312
2017-04-24,204.62225341796875
2017-04-25,205.8128662109375
2017-04-26,205.68344116210938
2017-04-27,205.85592651367188
2017-04-28,205.40733337402344
2017-05-01,205.92507934570312
2017-05-02,206.0026397705078
2017-05-03,205.75245666503906
2017-05-04,205.9940948486328
2017-05-05,206.80502319335938
2017-05-08,206.77049255371094
2017-05-09,206.58070373535156
2017-05-10,206.95167541503906
2017-05-11,206.5289306640625
2017-05-12,206.18382263183594
2017-05-15,207.32266235351562
2017-05-16,207.13287353515625
2017-05-17,203.45751953125
2017-05-18,204.27711486816406
2017-05-19,205.6057891845703
2017-05-22,206.64968872070312
2017-05-23,207.10694885253906
2017-05-24,207.59014892578125
2017-05-25,208.5823516845703
2017-05-26,208.53919982910156
2017-05-30,208.3580322265625
2017-05-31,208.30621337890625
2017-06-01,209.96273803710938
2017-06-02,210.66156005859375
2017-06-05,210.50631713867188
2017-06-06,209.83338928222656
2017-06-07,210.22158813476562
2017-06-08,210.3251190185547
2017-06-09,210.00588989257812
2017-06-12,209.96273803710938
2017-06-13,210.98947143554688
2017-06-14,210.7219696044922
2017-06-15,210.31649780273438
2017-06-16,210.36244201660156
2017-06-19,212.11375427246094
2017-06-20,210.68321228027344
2017-06-21,210.63113403320312
2017-06-22,210.53582763671875
2017-06-23,210.78724670410156
2017-06-26,210.92601013183594
2017-06-27,209.22671508789062
2017-06-28,211.099365234375
2017-06-29,209.24407958984375
2017-06-30,209.63417053222656
2017-07-03,209.98968505859375
2017-07-05,210.4751739501953
2017-07-06,208.5504913330078
2017-07-07,209.90296936035156
2017-07-10,210.12843322753906
2017-07-11,209.9723358154297
2017-07-12,211.55020141601562
2017-07-13,211.9056396484375
2017-07-14,212.89401245117188
2017-07-17,212.86795043945312
2017-07-18,212.9806671142578
2017-07-19,214.13380432128906
2017-07-20,214.22915649414062
2017-07-21,214.0384063720703
2017-07-24,213.98638916015625
2017-07-25,214.5065460205078
2017-07-26,214.51519775390625
2017-07-27,214.3158416748047
2017-07-28,214.06439208984375
2017-07-31,213.94309997558594
2017-08-01,214.4198760986328
2017-08-02,214.52394104003906
2017-08-03,214.10780334472656
2017-08-04,214.49790954589844
2017-08-07,214.89671325683594
2017-08-08,214.36785888671875
2017-08-09,214.35916137695312
2017-08-10,211.33340454101562
2017-08-11,211.64559936523438
2017-08-14,213.74359130859375
2017-08-15,213.7176055908203
2017-08-16,214.09043884277344
2017-08-17,210.7525634765625
2017-08-18,210.4231414794922
2017-08-21,210.587890625
2017-08-22,212.78994750976562
2017-08-23,212.0270538330078
2017-08-24,211.53285217285156
2017-08-25,212.0270538330078
2017-08-28,212.03573608398438
2017-08-29,212.27847290039062
2017-08-30,213.28414916992188
2017-08-31,214.56727600097656
2017-09-01,214.8706817626953
2017-09-05,213.3275146484375
2017-09-06,214.0557403564453
2017-09-07,214.02972412109375
2017-09-08,213.77833557128906
2017-09-11,216.05845642089844
2017-09-12,216.7866973876953
2017-09-13,216.89076232910156
2017-09-14,216.8214111328125
2017-09-15,217.11326599121094
2017-09-18,217.5750274658203
2017-09-19,217.79286193847656
2017-09-20,217.87130737304688
2017-09-21,217.28750610351562
2017-09-22,217.33111572265625
2017-09-25,216.8867645263672
2017-09-26,217.0174560546875
2017-09-27,217.8625946044922
2017-09-28,218.1239471435547
2017-09-29,218.89068603515625
2017-10-02,219.84033203125
2017-10-03,220.31088256835938
2017-10-04,220.57232666015625
2017-10-05,221.879150390625
2017-10-06,221.62649536132812
2017-10-09,221.26052856445312
2017-10-10,221.8443145751953
2017-10-11,222.1928253173828
2017-10-12,221.86172485351562
2017-10-13,222.13182067871094
2017-10-16,222.4280548095703
2017-10-17,222.5848846435547
2017-10-18,222.80271911621094
2017-10-19,222.86367797851562
2017-10-20,224.01380920410156
2017-10-23,223.14251708984375
2017-10-24,223.53457641601562
2017-10-25,222.4280548095703
2017-10-26,222.71559143066406
2017-10-27,224.53652954101562
2017-10-30,223.70016479492188
2017-10-31,224.048583984375
2017-11-01,224.3448486328125
2017-11-02,224.43202209472656
2017-11-03,225.1812744140625
2017-11-06,225.52980041503906
2017-11-07,225.3730010986328
2017-11-08,225.75634765625
2017-11-09,224.93734741210938
2017-11-10,224.86767578125
2017-11-13,225.07672119140625
2017-11-14,224.5540313720703
2017-11-15,223.43003845214844
2017-11-16,225.3293914794922
2017-11-17,224.667236328125
2017-11-20,225.05055236816406
2017-11-21,226.52304077148438
2017-11-22,226.3227081298828
2017-11-24,226.84539794921875
2017-11-27,226.73220825195312
2017-11-28,229.0323486328125
2017-11-29,228.89292907714844
2017-11-30,230.89688110351562
2017-12-01,230.4176025390625
2017-12-04,230.138916015625
2017-12-05,229.31112670898438
2017-12-06,229.3546905517578
2017-12-07,230.077880859375
2017-12-08,231.33248901367188
2017-12-11,232.029541015625
2017-12-12,232.43899536132812
2017-12-13,232.41287231445312
2017-12-14,231.4632110595703
2017-12-15,233.39065551757812
2017-12-18,234.87063598632812
2017-12-19,233.96865844726562
2017-12-20,233.84609985351562
2017-12-21,234.32763671875
2017-12-22,234.26646423339844
2017-12-26,233.9861297607422
2017-12-27,234.0999755859375
2017-12-28,234.5816650390625
2017-12-29,233.69715881347656
2018-01-02,235.3698272705078
2018-01-03,236.8585662841797
2018-01-04,237.85682678222656
2018-01-05,239.4420166015625
2018-01-08,239.87985229492188
2018-01-09,240.42283630371094
2018-01-10,240.0549774169922
2018-01-11,241.80645751953125
2018-01-12,243.38278198242188
2018-01-16,242.55084228515625
2018-01-17,244.8626708984375
2018-01-18,244.45111083984375
2018-01-19,245.56341552734375
2018-01-22,247.5598602294922
2018-01-23,248.08551025390625
2018-01-24,247.98898315429688
2018-01-25,248.0941619873047
2018-01-26,250.9665985107422
2018-01-29,249.30262756347656
2018-01-30,246.7455291748047
2018-01-31,246.8681640625
2018-02-01,246.58790588378906
2018-02-02,241.2197723388672
2018-02-05,231.13125610351562
2018-02-06,235.68507385253906
2018-02-07,234.406494140625
2018-02-08,225.61422729492188
2018-02-09,229.00331115722656
2018-02-12,232.3660888671875
2018-02-13,232.94407653808594
2018-02-14,236.08790588378906
2018-02-15,239.10035705566406
2018-02-16,239.1704864501953
2018-02-20,237.6729278564453
2018-02-21,236.49075317382812
2018-02-22,236.7972412109375
2018-02-23,240.57167053222656
2018-02-26,243.36521911621094
2018-02-27,240.32644653320312
2018-02-28,237.8919677734375
2018-03-01,234.43283081054688
2018-03-02,235.6412811279297
2018-03-05,238.36485290527344
2018-03-06,238.96914672851562
2018-03-07,238.8815155029297
2018-03-08,240.0375213623047
2018-03-09,244.21461486816406
2018-03-12,243.908203125
2018-03-13,242.33181762695312
2018-03-14,241.08831787109375
2018-03-15,240.8255615234375
2018-03-16,241.0867156982422
2018-03-19,237.8248291015625
2018-03-20,238.2292938232422
2018-03-21,237.77206420898438
2018-03-22,231.828369140625
2018-03-23,226.8870849609375
2018-03-26,233.09449768066406
2018-03-27,229.12913513183594
2018-03-28,228.45213317871094
2018-03-29,231.37115478515625
2018-04-02,226.3770751953125
2018-04-03,229.2786407470703
2018-04-04,231.73165893554688
2018-04-05,233.5605010986328
2018-04-06,228.35540771484375
2018-04-09,229.4808349609375
2018-04-10,233.12965393066406
2018-04-11,231.90757751464844
2018-04-12,233.8154754638672
2018-04-13,233.12965393066406
2018-04-16,235.04641723632812
2018-04-17,237.5609893798828
2018-04-18,237.73687744140625
2018-04-19,236.41806030273438
2018-04-20,234.41334533691406
2018-04-23,234.37815856933594
2018-04-24,231.2217254638672
2018-04-25,231.79322814941406
2018-04-26,234.14959716796875
2018-04-27,234.3693389892578
2018-04-30,232.56695556640625
2018-05-01,232.98020935058594
2018-05-02,231.41513061523438
2018-05-03,230.9051971435547
2018-05-04,233.8945770263672
2018-05-07,234.6859130859375
2018-05-08,234.6859130859375
2018-05-09,236.95431518554688
2018-05-10,239.17002868652344
2018-05-11,239.8997802734375
2018-05-14,240.01402282714844
2018-05-15,238.36114501953125
2018-05-16,239.3634490966797
2018-05-17,239.16127014160156
2018-05-18,238.5633544921875
2018-05-21,240.35693359375
2018-05-22,239.6887664794922
2018-05-23,240.34820556640625
2018-05-24,239.85580444335938
2018-05-25,239.28421020507812
2018-05-29,236.5323028564453
2018-05-30,239.6887664794922
2018-05-31,238.2204132080078
2018-06-01,240.5592498779297
2018-06-04,241.70216369628906
2018-06-05,241.87806701660156
2018-06-06,243.90032958984375
2018-06-07,243.8739471435547
2018-06-08,244.59490966796875
2018-06-11,244.9202423095703
2018-06-12,245.2367706298828
2018-06-13,244.4542694091797
2018-06-14,245.06976318359375
2018-06-15,244.7570037841797
2018-06-18,244.25357055664062
2018-06-19,243.31741333007812
2018-06-20,243.73260498046875
2018-06-21,242.20460510253906
2018-06-22,242.6461944580078
2018-06-25,239.3430633544922
2018-06-26,239.87301635742188
2018-06-27,237.88587951660156
2018-06-28,239.24594116210938
2018-06-29,239.59043884277344
2018-07-02,240.1027069091797
2018-07-03,239.25486755371094
2018-07-05,241.2066192626953
2018-07-06,243.246826171875
2018-07-09,245.43707275390625
2018-07-10,246.3203125
2018-07-11,244.51852416992188
2018-07-12,246.7353057861328
2018-07-13,246.92967224121094
2018-07-16,246.7088623046875
2018-07-17,247.70692443847656
2018-07-18,248.22789001464844
2018-07-19,247.291748046875
2018-07-20,247.0091094970703
2018-07-23,247.46844482421875
2018-07-24,248.71368408203125
2018-07-25,250.83335876464844
2018-07-26,250.24163818359375
2018-07-27,248.5459442138672
2018-07-30,247.24761962890625
2018-07-31,248.46632385253906
2018-08-01,248.05136108398438
2018-08-02,249.4026336669922
2018-08-03,250.47125244140625
2018-08-06,251.38973999023438
2018-08-07,252.22000122070312
2018-08-08,252.11398315429688
2018-08-09,251.76956176757812
2018-08-10,250.08273315429688
2018-08-13,249.14657592773438
2018-08-14,250.73622131347656
2018-08-15,248.8639373779297
2018-08-16,250.87750244140625
2018-08-17,251.76071166992188
2018-08-20,252.2994384765625
2018-08-21,252.8911590576172
2018-08-22,252.74110412597656
2018-08-23,252.405517578125
2018-08-24,253.92453002929688
2018-08-27,255.9292755126953
2018-08-28,256.05303955078125
2018-08-29,257.4308166503906
2018-08-30,256.3886413574219
2018-08-31,256.39752197265625
2018-09-04,255.95582580566406
2018-09-05,255.26695251464844
2018-09-06,254.49864196777344
2018-09-07,254.00404357910156
2018-09-10,254.4457244873047
2018-09-11,255.28468322753906
2018-09-12,255.3464813232422
2018-09-13,256.85662841796875
2018-09-14,256.9009094238281
2018-09-17,255.54074096679688
2018-09-18,256.9273376464844
2018-09-19,257.2010803222656
2018-09-20,259.285400390625
2018-09-21,259.048583984375
2018-09-24,258.1880187988281
2018-09-25,257.9484558105469
2018-09-26,257.17657470703125
2018-09-27,257.8951721191406
2018-09-28,257.92181396484375
2018-10-01,258.8179016113281
2018-10-02,258.6670227050781
2018-10-03,258.8089904785156
2018-10-04,256.7862854003906
2018-10-05,255.34902954101562
2018-10-08,255.34902954101562
2018-10-09,254.9764404296875
2018-10-10,246.90304565429688
2018-10-11,241.46461486816406
2018-10-12,244.8181915283203
2018-10-15,243.44302368164062
2018-10-16,248.76614379882812
2018-10-17,248.81051635742188
2018-10-18,245.21739196777344
2018-10-19,245.08428955078125
2018-10-22,243.98422241210938
2018-10-23,242.74205017089844
2018-10-24,235.38743591308594
2018-10-25,239.6103515625
2018-10-26,235.39625549316406
2018-10-29,234.09205627441406
2018-10-30,237.5609893798828
2018-10-31,240.0983123779297
2018-11-01,242.65342712402344
2018-11-02,241.2162628173828
2018-11-05,242.54696655273438
2018-11-06,244.08181762695312
2018-11-07,249.30731201171875
2018-11-08,248.8549041748047
2018-11-09,246.4239501953125
2018-11-12,241.8195037841797
2018-11-13,241.36705017089844
2018-11-14,239.7168731689453
2018-11-15,242.2187042236328
2018-11-16,242.84861755371094
2018-11-19,238.740966796875
2018-11-20,234.32278442382812
2018-11-21,235.12123107910156
2018-11-23,233.55091857910156
2018-11-26,237.3214569091797
2018-11-27,238.1199188232422
2018-11-28,243.6027374267578
2018-11-29,243.07040405273438
2018-11-30,244.55191040039062
2018-12-03,247.79029846191406
2018-12-04,239.76112365722656
2018-12-06,239.3974609375
2018-12-07,233.83482360839844
2018-12-10,234.27842712402344
2018-12-11,234.33160400390625
2018-12-12,235.5115966796875
2018-12-13,235.4317626953125
2018-12-14,231.0845489501953
2018-12-17,226.55105590820312
2018-12-18,226.30270385742188
2018-12-19,222.91360473632812
2018-12-20,219.28501892089844
2018-12-21,214.79197692871094
2018-12-24,209.11654663085938
2018-12-26,219.68211364746094
2018-12-27,221.36868286132812
2018-12-28,221.08309936523438
2018-12-31,223.01951599121094
2019-01-02,223.25155639648438
2019-01-03,217.92417907714844
2019-01-04,225.2236785888672
2019-01-07,226.99948120117188
2019-01-08,229.13223266601562
2019-01-09,230.20306396484375
2019-01-10,231.01515197753906
2019-01-11,231.10443115234375
2019-01-14,229.69439697265625
2019-01-15,232.3269500732422
2019-01-16,232.8891143798828
2019-01-17,234.656005859375
2019-01-18,237.77926635742188
2019-01-22,234.56671142578125
2019-01-23,235.05752563476562
2019-01-24,235.1825408935547
2019-01-25,237.1724395751953
2019-01-28,235.36984252929688
2019-01-29,235.05752563476562
2019-01-30,238.77862548828125
2019-01-31,240.87579345703125
2019-02-01,240.99179077148438
2019-02-04,242.68724060058594
2019-02-05,243.70458984375
2019-02-06,243.38331604003906
2019-02-07,241.06320190429688
2019-02-08,241.3576202392578
2019-02-11,241.49142456054688
2019-02-12,244.59695434570312
2019-02-13,245.39108276367188
2019-02-14,244.8467559814453
2019-02-15,247.51487731933594
2019-02-19,247.9431915283203
2019-02-20,248.44297790527344
2019-02-21,247.55955505371094
2019-02-22,249.09446716308594
2019-02-25,249.4335479736328
2019-02-26,249.25503540039062
2019-02-27,249.14794921875
2019-02-28,248.68394470214844
2019-03-01,250.2366943359375
2019-03-04,249.32647705078125
2019-03-05,248.98736572265625
2019-03-06,247.47923278808594
2019-03-07,245.40895080566406
2019-03-08,244.918212890625
2019-03-11,248.46978759765625
2019-03-12,249.40670776367188
2019-03-13,251.05764770507812
2019-03-14,250.89698791503906
2019-03-15,252.13656616210938
2019-03-18,253.05079650878906
2019-03-19,253.113525390625
2019-03-20,252.35162353515625
2019-03-21,255.201904296875
2019-03-22,250.29025268554688
2019-03-25,250.10202026367188
2019-03-26,251.96627807617188
2019-03-27,250.6487579345703
2019-03-28,251.5988006591797
2019-03-29,253.18524169921875
2019-04-01,256.1878356933594
2019-04-02,256.3133544921875
2019-04-03,256.7166748046875
2019-04-04,257.3977966308594
2019-04-05,258.6437072753906
2019-04-08,258.8408508300781
2019-04-09,257.51434326171875
2019-04-10,258.39276123046875
2019-04-11,258.32110595703125
2019-04-12,260.0688171386719
2019-04-15,259.8985290527344
2019-04-16,260.0688171386719
2019-04-17,259.4324951171875
2019-04-18,259.9433288574219
2019-04-22,260.1673583984375
2019-04-23,262.5066833496094
2019-04-24,261.9241638183594
2019-04-25,261.7627258300781
2019-04-26,262.98175048828125
2019-04-29,263.3940124511719
2019-04-30,263.5284729003906
2019-05-01,261.5476989746094
2019-05-02,260.98291015625
2019-05-03,263.5374450683594
2019-05-06,262.45294189453125
2019-05-07,258.0700378417969
2019-05-08,257.7115173339844
2019-05-09,256.9317932128906
2019-05-10,258.2225036621094
2019-05-13,251.7332763671875
2019-05-14,254.0098876953125
2019-05-15,255.49774169921875
2019-05-16,257.86395263671875
2019-05-17,256.19677734375
2019-05-20,254.5027618408203
2019-05-21,256.79730224609375
2019-05-22,256.0086364746094
2019-05-23,252.8805694580078
2019-05-24,253.45419311523438
2019-05-28,251.09683227539062
2019-05-29,249.41188049316406
2019-05-30,250.0930633544922
2019-05-31,246.72288513183594
2019-06-03,246.09556579589844
2019-06-04,251.4375
2019-06-05,253.61541748046875
2019-06-06,255.26466369628906
2019-06-07,257.819091796875
2019-06-10,259.0021667480469
2019-06-11,258.9394836425781
2019-06-12,258.4823913574219
2019-06-13,259.5489196777344
2019-06-14,259.2620849609375
2019-06-17,259.3606872558594
2019-06-18,262.0765380859375
2019-06-19,262.6681213378906
2019-06-20,265.1777038574219
2019-06-21,264.7922668457031
2019-06-24,264.4679260253906
2019-06-25,261.8741149902344
2019-06-26,261.6128845214844
2019-06-27,262.54058837890625
2019-06-28,263.8915710449219
2019-07-01,266.28729248046875
2019-07-02,266.9808044433594
2019-07-03,269.1153259277344
2019-07-05,268.8091735839844
2019-07-08,267.33209228515625
2019-07-09,267.6652526855469
2019-07-10,268.9442138671875
2019-07-11,269.5746765136719
2019-07-12,270.7815246582031
2019-07-15,270.8715515136719
2019-07-16,269.9979553222656
2019-07-17,268.1606140136719
2019-07-18,269.142333984375
2019-07-19,267.6473388671875
2019-07-22,268.3046875
2019-07-23,270.2231140136719
2019-07-24,271.4930725097656
2019-07-25,270.1961364746094
2019-07-26,272.0065002441406
2019-07-29,271.51104736328125
2019-07-30,270.84466552734375
2019-07-31,267.88140869140625
2019-08-01,265.5487060546875
2019-08-02,263.5492248535156
2019-08-05,255.62350463867188
2019-08-06,259.2081604003906
2019-08-07,259.36126708984375
2019-08-08,264.449951171875
2019-08-09,262.6486511230469
2019-08-12,259.4513244628906
2019-08-13,263.4862060546875
2019-08-14,255.6956024169922
2019-08-15,256.37103271484375
2019-08-16,260.15386962890625
2019-08-19,263.2880859375
2019-08-20,261.2706298828125
2019-08-21,263.39617919921875
2019-08-22,263.3150939941406
2019-08-23,256.5511474609375
2019-08-26,259.3883361816406
2019-08-27,258.37060546875
2019-08-28,260.18994140625
2019-08-29,263.5132141113281
2019-08-30,263.39617919921875
2019-09-03,261.8561096191406
2019-09-04,264.8282470703125
2019-09-05,268.2327575683594
2019-09-06,268.43988037109375
2019-09-09,268.5749816894531
2019-09-10,268.5118408203125
2019-09-11,270.42132568359375
2019-09-12,271.3578796386719
2019-09-13,271.1778564453125
2019-09-16,270.3401794433594
2019-09-17,271.02471923828125
2019-09-18,271.1868896484375
2019-09-19,271.16876220703125
2019-09-20,269.8875427246094
2019-09-23,269.8242492675781
2019-09-24,267.7070007324219
2019-09-25,269.29046630859375
2019-09-26,268.72943115234375
2019-09-27,267.2817077636719
2019-09-30,268.5213623046875
2019-10-01,265.327392578125
2019-10-02,260.6404724121094
2019-10-03,262.7757263183594
2019-10-04,266.3316955566406
2019-10-07,265.1826171875
2019-10-08,261.065673828125
2019-10-09,263.544921875
2019-10-10,265.327392578125
2019-10-11,268.0779724121094
2019-10-14,267.7794189453125
2019-10-15,270.4305114746094
2019-10-16,269.9961853027344
2019-10-17,270.79248046875
2019-10-18,269.6070861816406
2019-10-21,271.4349060058594
2019-10-22,270.5480651855469
2019-10-23,271.3353576660156
2019-10-24,271.7786560058594
2019-10-25,272.8916015625
2019-10-28,274.4298400878906
2019-10-29,274.34832763671875
2019-10-30,275.1898498535156
2019-10-31,274.4569396972656
2019-11-01,276.9994201660156
2019-11-04,278.1124267578125
2019-11-05,277.8046875
2019-11-06,277.8680419921875
2019-11-07,278.84521484375
2019-11-08,279.53289794921875
2019-11-11,278.99908447265625
2019-11-12,279.5872497558594
2019-11-13,279.6777038574219
2019-11-14,280.08477783203125
2019-11-15,282.11163330078125
2019-11-18,282.31964111328125
2019-11-19,282.2383117675781
2019-11-20,281.1886901855469
2019-11-21,280.736328125
2019-11-22,281.3606262207031
2019-11-25,283.5412902832031
2019-11-26,284.1836853027344
2019-11-27,285.4503479003906
2019-11-29,284.3918151855469
2019-12-02,281.97589111328125
2019-12-03,280.08477783203125
2019-12-04,281.81298828125
2019-12-05,282.31964111328125
2019-12-06,284.89849853515625
2019-12-09,284.0027160644531
2019-12-10,283.68597412109375
2019-12-11,284.4912414550781
2019-12-12,286.94329833984375
2019-12-13,287.1152038574219
2019-12-16,289.08770751953125
2019-12-17,289.15106201171875
2019-12-18,289.1692199707031
2019-12-19,290.35455322265625
2019-12-20,291.62744140625
2019-12-23,292.0729675292969
2019-12-24,292.08197021484375
2019-12-26,293.6369934082031
2019-12-27,293.56414794921875
2019-12-30,291.9456481933594
2019-12-31,292.6548767089844
2020-01-02,295.39178466796875
2020-01-03,293.1549987792969
2020-01-06,294.2734375
2020-01-07,293.44598388671875
2020-01-08,295.00994873046875
2020-01-09,297.0102844238281
2020-01-10,296.1555480957031
2020-01-13,298.19232177734375
2020-01-14,297.73773193359375
2020-01-15,298.4105224609375
2020-01-16,300.8927917480469
2020-01-17,301.829345703125
2020-01-21,301.23834228515625
2020-01-22,301.2746887207031
2020-01-23,301.6202087402344
2020-01-24,298.93792724609375
2020-01-27,294.1460876464844
2020-01-28,297.22845458984375
2020-01-29,296.9830017089844
2020-01-30,297.94671630859375
2020-01-31,292.53668212890625
2020-02-03,294.70977783203125
2020-02-04,299.2016296386719
2020-02-05,302.6567077636719
2020-02-06,303.6751403808594
2020-02-07,302.0566711425781
2020-02-10,304.3116455078125
2020-02-11,304.8390197753906
2020-02-12,306.8030090332031
2020-02-13,306.4756774902344
2020-02-14,306.9666442871094
2020-02-18,306.1755676269531
2020-02-19,307.6394958496094
2020-02-20,306.3757019042969
2020-02-21,303.22052001953125
2020-02-24,293.1640930175781
2020-02-25,284.2805480957031
2020-02-26,283.2349548339844
2020-02-27,270.5143737792969
2020-02-28,269.3778381347656
2020-03-02,281.043701171875
2020-03-03,272.9966735839844
2020-03-04,284.4715270996094
2020-03-05,275.0152587890625
2020-03-06,270.46893310546875
2020-03-09,249.34678649902344
2020-03-10,262.2492370605469
2020-03-11,249.4649658203125
2020-03-12,225.59689331054688
2020-03-13,244.88221740722656
2020-03-16,218.08636474609375
2020-03-17,229.8612823486328
2020-03-18,218.22271728515625
2020-03-19,218.68646240234375
2020-03-20,209.2623291015625
2020-03-23,203.91189575195312
2020-03-24,222.38694763183594
2020-03-25,225.7161407470703
2020-03-26,238.89566040039062
2020-03-27,231.77999877929688
2020-03-30,239.30722045898438
2020-03-31,235.74026489257812
2020-04-01,225.1307830810547
2020-04-02,230.32579040527344
2020-04-03,226.99659729003906
2020-04-06,242.2431640625
2020-04-07,242.49008178710938
2020-04-08,250.63009643554688
2020-04-09,254.44400024414062
2020-04-13,252.12088012695312
2020-04-14,259.55670166015625
2020-04-15,254.0415496826172
2020-04-16,255.26710510253906
2020-04-17,262.16339111328125
2020-04-20,257.54449462890625
2020-04-21,249.72462463378906
2020-04-22,255.26710510253906
2020-04-23,255.24887084960938
2020-04-24,258.8066711425781
2020-04-27,262.5383605957031
2020-04-28,261.33099365234375
2020-04-29,268.1722412109375
2020-04-30,265.6754150390625
2020-05-01,258.6420593261719
2020-05-04,259.3554382324219
2020-05-05,261.751708984375
2020-05-06,259.9773254394531
2020-05-07,263.11444091796875
2020-05-08,267.468017578125
2020-05-11,267.5228576660156
2020-05-12,262.1908264160156
2020-05-13,257.5537109375
2020-05-14,260.6358947753906
2020-05-15,261.833984375
2020-05-18,269.8094177246094
2020-05-19,267.0381774902344
2020-05-20,271.5746765136719
2020-05-21,269.69970703125
2020-05-22,270.2117919921875
2020-05-26,273.541015625
2020-05-27,277.61102294921875
2020-05-28,277.0988464355469
2020-05-29,278.3335876464844
2020-06-01,279.4585266113281
2020-06-02,281.7724914550781
2020-06-03,285.52239990234375
2020-06-04,284.7724304199219
2020-06-05,292.07098388671875
2020-06-08,295.60137939453125
2020-06-09,293.3971862792969
2020-06-10,291.7599792480469
2020-06-11,274.9404296875
2020-06-12,278.23291015625
2020-06-15,280.8304443359375
2020-06-16,286.2357482910156
2020-06-17,285.0467834472656
2020-06-18,285.1565246582031
2020-06-19,283.52685546875
2020-06-22,285.34576416015625
2020-06-23,286.659423828125
2020-06-24,279.3470764160156
2020-06-25,282.341796875
2020-06-26,275.6358337402344
2020-06-29,279.6870422363281
2020-06-30,283.2696533203125
2020-07-01,285.25396728515625
2020-07-02,286.8248291015625
2020-07-06,291.25262451171875
2020-07-07,288.2486572265625
2020-07-08,290.453369140625
2020-07-09,288.7998352050781
2020-07-10,291.74859619140625
2020-07-13,289.2223205566406
2020-07-14,292.97039794921875
2020-07-15,295.6620788574219
2020-07-16,294.6883239746094
2020-07-17,295.54266357421875
2020-07-20,297.9310607910156
2020-07-21,298.56494140625
2020-07-22,300.2643127441406
2020-07-23,296.6816711425781
2020-07-24,294.7709655761719
2020-07-27,296.92059326171875
2020-07-28,295.0373840332031
2020-07-29,298.6659240722656
2020-07-30,297.6003723144531
2020-07-31,299.9520263671875
2020-08-03,302.0373840332031
2020-08-04,303.2040100097656
2020-08-05,305.0871887207031
2020-08-06,307.1264953613281
2020-08-07,307.3470153808594
2020-08-10,308.26568603515625
2020-08-11,305.7210388183594
2020-08-12,309.9835510253906
2020-08-13,309.42315673828125
2020-08-14,309.432373046875
2020-08-17,310.41522216796875
2020-08-18,311.0859375
2020-08-19,309.79058837890625
2020-08-20,310.7551574707031
2020-08-21,311.8573913574219
2020-08-24,315.01763916015625
2020-08-25,316.1199951171875
2020-08-26,319.2892761230469
2020-08-27,319.9873962402344
2020-08-28,322.0543212890625
2020-08-31,320.8877258300781
2020-09-01,323.9100341796875
2020-09-02,328.5950012207031
2020-09-03,317.2867126464844
2020-09-04,314.6960754394531
2020-09-08,306.09771728515625
2020-09-09,312.1422424316406
2020-09-10,306.722412109375
2020-09-11,306.8785095214844
2020-09-14,310.9205322265625
2020-09-15,312.4914245605469
2020-09-16,311.2511291503906
2020-09-17,308.513671875
2020-09-18,304.9619140625
2020-09-21,301.5677795410156
2020-09-22,304.6390380859375
2020-09-23,297.5741882324219
2020-09-24,298.3673400878906
2020-09-25,303.1911315917969
2020-09-28,308.22686767578125
2020-09-29,306.54827880859375
2020-09-30,308.87249755859375
2020-10-01,310.85552978515625
2020-10-02,307.9040222167969
2020-10-05,313.3641052246094
2020-10-06,308.90936279296875
2020-10-07,314.2864685058594
2020-10-08,317.0718078613281
2020-10-09,319.9033203125
2020-10-12,325.0497741699219
2020-10-13,322.928466796875
2020-10-14,320.89935302734375
2020-10-15,320.5028076171875
2020-10-16,320.30914306640625
2020-10-19,315.4393005371094
2020-10-20,316.7029113769531
2020-10-21,316.10345458984375
2020-10-22,317.8372802734375
2020-10-23,318.9164123535156
2020-10-26,313.0229187011719
2020-10-27,311.9437561035156
2020-10-28,301.2818603515625
2020-10-29,304.34405517578125
2020-10-30,301.1712341308594
2020-11-02,304.5469055175781
2020-11-03,309.9238586425781
2020-11-04,316.8504943847656
2020-11-05,323.02996826171875
2020-11-06,322.9561462402344
2020-11-09,327.0142822265625
2020-11-10,326.5346984863281
2020-11-11,328.9604187011719
2020-11-12,325.7691650390625
2020-11-13,330.2793273925781
2020-11-16,334.402099609375
2020-11-17,332.603515625
2020-11-18,328.6006774902344
2020-11-19,329.984130859375
2020-11-20,327.7244873046875
2020-11-23,329.6890563964844
2020-11-24,335.0014953613281
2020-11-25,334.4850769042969
2020-11-27,335.4165344238281
2020-11-30,333.931640625
2020-12-01,337.5840148925781
2020-12-02,338.294189453125
2020-12-03,338.2019348144531
2020-12-04,341.1165466308594
2020-12-07,340.41546630859375
2020-12-08,341.41156005859375
2020-12-09,338.3494567871094
2020-12-10,338.2388610839844
2020-12-11,337.8423767089844
2020-12-14,336.32965087890625
2020-12-15,340.8766174316406
2020-12-16,341.41156005859375
2020-12-17,343.32080078125
2020-12-18,341.9498596191406
2020-12-21,340.7273254394531
2020-12-22,340.1529541015625
2020-12-23,340.4587097167969
2020-12-24,341.7832336425781
2020-12-28,344.7193298339844
2020-12-29,344.061767578125
2020-12-30,344.55267333984375
2020-12-31,346.30328369140625
2021-01-04,341.58868408203125
2021-01-05,343.9412841796875
2021-01-06,345.99755859375
2021-01-07,351.13824462890625
2021-01-08,353.13897705078125
2021-01-11,350.7584533691406
2021-01-12,350.8325500488281
2021-01-13,351.7773742675781
2021-01-14,350.5454406738281
2021-01-15,347.9889831542969
2021-01-19,350.721435546875
2021-01-20,355.574951171875
2021-01-21,355.8990783691406
2021-01-22,354.6394348144531
2021-01-25,356.0380859375
2021-01-26,355.4822998046875
2021-01-27,346.7941589355469
2021-01-28,349.7767028808594
2021-01-29,342.77423095703125
2021-02-01,348.47991943359375
2021-02-02,353.407470703125
2021-02-03,353.6854553222656
2021-02-04,357.705322265625
2021-02-05,359.1132507324219
2021-02-08,361.7066650390625
2021-02-09,361.4657897949219
2021-02-10,361.3083801269531
2021-02-11,361.8918762207031
2021-02-12,363.67962646484375
2021-02-16,363.3645935058594
2021-02-17,363.447998046875
2021-02-18,361.9011535644531
2021-02-19,361.2620849609375
2021-02-22,358.4833068847656
2021-02-23,358.9186706542969
2021-02-24,362.8736877441406
2021-02-25,354.13006591796875
2021-02-26,352.30535888671875
2021-03-01,360.8451843261719
2021-03-02,358.02960205078125
2021-03-03,353.28717041015625
2021-03-04,348.9152526855469
2021-03-05,355.3341369628906
2021-03-08,353.5650329589844
2021-03-09,358.6130065917969
2021-03-10,360.8451843261719
2021-03-11,364.5038757324219
2021-03-12,364.994873046875
2021-03-15,367.17144775390625
2021-03-16,366.7083740234375
2021-03-17,367.958740234375
2021-03-18,362.60516357421875
2021-03-19,361.9341735839844
2021-03-22,364.8241882324219
2021-03-23,361.9527587890625
2021-03-24,360.1128234863281
2021-03-25,362.138671875
2021-03-26,367.97454833984375
2021-03-29,367.78863525390625
2021-03-30,366.8128967285156
2021-03-31,368.2997131347656
2021-04-01,372.27703857421875
2021-04-05,377.62030029296875
2021-04-06,377.39727783203125
2021-04-07,377.8340759277344
2021-04-08,379.6275634765625
2021-04-09,382.3875427246094
2021-04-12,382.5268859863281
2021-04-13,383.66064453125
2021-04-14,382.3504333496094
2021-04-15,386.4577941894531
2021-04-16,387.7493896484375
2021-04-19,385.84442138671875
2021-04-20,383.01947021484375
2021-04-21,386.6436462402344
2021-04-22,383.11236572265625
2021-04-23,387.2662353515625
2021-04-26,388.0746765136719
2021-04-27,387.99102783203125
2021-04-28,387.8794860839844
2021-04-29,390.3514709472656
2021-04-30,387.78662109375
2021-05-03,388.6230163574219
2021-05-04,386.22540283203125
2021-05-05,386.3462829589844
2021-05-06,389.43145751953125
2021-05-07,392.26568603515625
2021-05-10,388.3813171386719
2021-05-11,384.9151611328125
2021-05-12,376.737548828125
2021-05-13,381.2631530761719
2021-05-14,387.1175537109375
2021-05-17,386.13250732421875
2021-05-18,382.8057556152344
2021-05-19,381.8021240234375
2021-05-20,385.9095764160156
2021-05-21,385.59356689453125
2021-05-24,389.5243835449219
2021-05-25,388.6601257324219
2021-05-26,389.43145751953125
2021-05-27,389.6360168457031
2021-05-28,390.3328552246094
2021-06-01,389.9890441894531
2021-06-02,390.602294921875
2021-06-03,389.15264892578125
2021-06-04,392.7118225097656
2021-06-07,392.3307800292969
2021-06-08,392.4143981933594
2021-06-09,391.8290100097656
2021-06-10,393.65032958984375
2021-06-11,394.30084228515625
2021-06-14,395.1837158203125
2021-06-15,394.4588623046875
2021-06-16,392.2563781738281
2021-06-17,392.12628173828125
2021-06-18,386.83642578125
2021-06-21,392.3743591308594
2021-06-22,394.4720458984375
2021-06-23,393.99658203125
2021-06-24,396.3273620605469
2021-06-25,397.73516845703125
2021-06-28,398.5370178222656
2021-06-29,398.7513732910156
2021-06-30,399.0870056152344
2021-07-01,401.2966003417969
2021-07-02,404.3638916015625
2021-07-06,403.62744140625
2021-07-07,405.0538635253906
2021-07-08,401.75341796875
2021-07-09,406.0420837402344
2021-07-12,407.4964904785156
2021-07-13,406.10736083984375
2021-07-14,406.71331787109375
2021-07-15,405.3241882324219
2021-07-16,402.1449890136719
2021-07-19,396.2062072753906
2021-07-20,401.8839416503906
2021-07-21,405.1377868652344
2021-07-22,405.9861755371094
2021-07-23,410.16302490234375
2021-07-26,411.16986083984375
2021-07-27,409.2958679199219
2021-07-28,409.1280517578125
2021-07-29,410.8248291015625
2021-07-30,408.8297424316406
2021-08-02,407.9720153808594
2021-08-03,411.2910461425781
2021-08-04,409.2679138183594
2021-08-05,411.8597106933594
2021-08-06,412.5403747558594
2021-08-09,412.20465087890625
2021-08-10,412.7173767089844
2021-08-11,413.7430419921875
2021-08-12,414.98297119140625
2021-08-13,415.73822021484375
2021-08-16,416.71710205078125
2021-08-17,413.98541259765625
2021-08-18,409.454345703125
2021-08-19,410.0882568359375
2021-08-20,413.3514709472656
2021-08-23,416.9875183105469
2021-08-24,417.6494445800781
2021-08-25,418.5257873535156
2021-08-26,416.05523681640625
2021-08-27,419.7751770019531
2021-08-30,421.62109375
2021-08-31,420.99652099609375
2021-09-01,421.22015380859375
2021-09-02,422.51611328125
2021-09-03,422.4134826660156
2021-09-07,420.9031982421875
2021-09-08,420.3904113769531
2021-09-09,418.59112548828125
2021-09-10,415.2906494140625
2021-09-13,416.353515625
2021-09-14,414.1066589355469
2021-09-15,417.5655517578125
2021-09-16,416.9035949707031
2021-09-17,412.84246826171875
2021-09-20,405.95867919921875
2021-09-21,405.5752258300781
2021-09-22,409.5314636230469
2021-09-23,414.5072937011719
2021-09-24,415.19012451171875
2021-09-27,414.0022888183594
2021-09-28,405.6593322753906
2021-09-29,406.3421325683594
2021-09-30,401.3757019042969
2021-10-01,406.1457824707031
2021-10-04,400.90802001953125
2021-10-05,405.0794677734375
2021-10-06,406.7630310058594
2021-10-07,410.27978515625
2021-10-08,409.5314636230469
2021-10-11,406.5666198730469
2021-10-12,405.5659484863281
2021-10-13,407.0248718261719
2021-10-14,413.8713073730469
2021-10-15,417.0233459472656
2021-10-18,418.2579345703125
2021-10-19,421.4847412109375
2021-10-20,423.14019775390625
2021-10-21,424.2438659667969
2021-10-22,423.80426025390625
2021-10-25,426.0769958496094
2021-10-26,426.46051025390625
2021-10-27,424.5712585449219
2021-10-28,428.6678161621094
2021-10-29,429.53759765625
2021-11-01,430.2764587402344
2021-11-02,432.0162048339844
2021-11-03,434.6537170410156
2021-11-04,436.7021179199219
2021-11-05,438.21722412109375
2021-11-08,438.59136962890625
2021-11-09,437.1416320800781
2021-11-10,433.6249084472656
2021-11-11,433.7652282714844
2021-11-12,437.0387878417969
2021-11-15,437.18841552734375
2021-11-16,438.9187316894531
2021-11-17,437.8525085449219
2021-11-18,439.3396301269531
2021-11-19,438.55401611328125
2021-11-22,437.3193359375
2021-11-23,437.89923095703125
2021-11-24,439.0683288574219
2021-11-26,429.2757873535156
2021-11-29,434.5415344238281
2021-11-30,426.0863037109375
2021-12-01,421.3537292480469
2021-12-02,427.807373046875
2021-12-03,424.0848083496094
2021-12-06,429.107421875
2021-12-07,437.9833984375
2021-12-08,439.1431579589844
2021-12-09,436.1783142089844
2021-12-10,440.2842102050781
2021-12-13,436.3841247558594
2021-12-14,433.38177490234375
2021-12-15,440.1533508300781
2021-12-16,436.2718200683594
2021-12-17,431.62860107421875
2021-12-20,427.0389099121094
2021-12-21,434.6227111816406
2021-12-22,438.9684753417969
2021-12-23,441.6997375488281
2021-12-27,447.95068359375
2021-12-28,447.5846252441406
2021-12-29,448.1571960449219
2021-12-30,446.9183044433594
2021-12-31,445.7919006347656
2022-01-03,448.373046875
2022-01-04,448.22283935546875
2022-01-05,439.615966796875
2022-01-06,439.20306396484375
2022-01-07,437.4666748046875
2022-01-10,436.9222412109375
2022-01-11,440.90185546875
2022-01-12,442.0939025878906
2022-01-13,436.0024719238281
2022-01-14,436.1807861328125
2022-01-18,428.4561462402344
2022-01-19,424.00732421875
2022-01-20,419.31439208984375
2022-01-21,411.0829772949219
2022-01-24,412.8287658691406
2022-01-25,407.7884521484375
2022-01-26,406.7654113769531
2022-01-27,404.7568359375
2022-01-28,414.8091125488281
2022-01-31,422.2802429199219
2022-02-01,425.13360595703125
2022-02-02,429.2633972167969
2022-02-03,419.1736145019531
2022-02-04,421.1446533203125
2022-02-07,419.79302978515625
2022-02-08,423.2470397949219
2022-02-09,429.44171142578125
2022-02-10,421.7265319824219
2022-02-11,413.4106140136719
2022-02-14,412.05914306640625
2022-02-15,418.70428466796875
2022-02-16,419.1736145019531
2022-02-17,410.2194519042969
2022-02-18,407.5632019042969
2022-02-22,403.1894836425781
2022-02-23,396.03741455078125
2022-02-24,401.9973449707031
2022-02-25,410.8670349121094
2022-02-28,409.8158264160156
2022-03-01,403.5742492675781
2022-03-02,410.9983825683594
2022-03-03,408.952392578125
2022-03-04,405.6297607421875
2022-03-07,393.672119140625
2022-03-08,390.6873779296875
2022-03-09,401.1620788574219
2022-03-10,399.3505859375
2022-03-11,394.27288818359375
2022-03-14,391.39141845703125
2022-03-15,399.99822998046875
2022-03-16,408.8677978515625
2022-03-17,413.9831848144531
2022-03-18,418.5174255371094
2022-03-21,418.39508056640625
2022-03-22,423.2908935546875
2022-03-23,417.8395080566406
2022-03-24,424.1383056640625
2022-03-25,426.2095642089844
2022-03-28,429.2412414550781
2022-03-29,434.5513000488281
2022-03-30,431.86798095703125
2022-03-31,425.22100830078125
2022-04-01,426.4261474609375
2022-04-04,430.0791320800781
2022-04-05,424.64666748046875
2022-04-06,420.40045166015625
2022-04-07,422.518798828125
2022-04-08,421.3890075683594
2022-04-11,414.1865539550781
2022-04-12,412.6518859863281
2022-04-13,417.3782653808594
2022-04-14,412.18115234375
2022-04-18,412.3505859375
2022-04-19,419.0070495605469
2022-04-20,418.69635009765625
2022-04-21,412.4353332519531
2022-04-22,401.1184387207031
2022-04-25,403.4439697265625
2022-04-26,391.7599182128906
2022-04-27,392.8614196777344
2022-04-28,402.784912109375
2022-04-29,387.8998107910156
2022-05-02,390.23455810546875
2022-05-03,392.0235900878906
2022-05-04,403.9618225097656
2022-05-05,389.6038818359375
2022-05-06,387.27838134765625
2022-05-09,374.87872314453125
2022-05-10,375.7449645996094
2022-05-11,369.7757568359375
2022-05-12,369.3897705078125
2022-05-13,378.2210693359375
2022-05-16,376.6864013671875
2022-05-17,384.43499755859375
2022-05-18,368.9378662109375
2022-05-19,366.6783142089844
2022-05-20,366.8382568359375
2022-05-23,373.70184326171875
2022-05-24,370.84918212890625
2022-05-25,374.12554931640625
2022-05-26,381.60107421875
2022-05-27,390.96905517578125
2022-05-31,388.7753601074219
2022-06-01,385.6307067871094
2022-06-02,392.97442626953125
2022-06-03,386.525146484375
2022-06-06,387.7020568847656
2022-06-07,391.4209289550781
2022-06-08,387.1653747558594
2022-06-09,377.9574890136719
2022-06-10,366.998291015625
2022-06-13,353.0640869140625
2022-06-14,352.0002136230469
2022-06-15,357.0184326171875
2022-06-16,345.2025146484375
2022-06-17,345.9466857910156
2022-06-21,354.6553955078125
2022-06-22,354.01239013671875
2022-06-23,357.4826354980469
2022-06-24,368.8484191894531
2022-06-27,367.4395446777344
2022-06-28,359.9316711425781
2022-06-29,359.63861083984375
2022-06-30,356.71673583984375
2022-07-01,360.48956298828125
2022-07-05,361.1703796386719
2022-07-06,362.3901062011719
2022-07-07,367.8177185058594
2022-07-08,367.5151672363281
2022-07-11,363.31689453125
2022-07-12,360.1018981933594
2022-07-13,358.21075439453125
2022-07-14,357.3408203125
2022-07-15,364.1678771972656
2022-07-18,361.1609191894531
2022-07-19,370.9191589355469
2022-07-20,373.2831726074219
2022-07-21,377.0843200683594
2022-07-22,373.58575439453125
2022-07-25,374.03961181640625
2022-07-26,369.6143493652344
2022-07-27,379.21185302734375
2022-07-28,383.96820068359375
2022-07-29,389.5658874511719
2022-08-01,388.41229248046875
2022-08-02,385.84979248046875
2022-08-03,391.8919982910156
2022-08-04,391.6272277832031
2022-08-05,390.9653625488281
2022-08-08,390.5114440917969
2022-08-09,388.96075439453125
2022-08-10,397.13043212890625
2022-08-11,397.13043212890625
2022-08-12,403.8534851074219
2022-08-15,405.51763916015625
2022-08-16,406.3119812011719
2022-08-17,403.427978515625
2022-08-18,404.6004333496094
2022-08-19,399.1634521484375
2022-08-22,390.8518371582031
2022-08-23,389.9062805175781
2022-08-24,391.1544189453125
2022-08-25,396.6766052246094
2022-08-26,383.24951171875
2022-08-29,380.7154235839844
2022-08-30,376.5358581542969
2022-08-31,373.6708679199219
2022-09-01,374.8434143066406
2022-09-02,370.8908386230469
2022-09-06,369.4914245605469
2022-09-07,376.1293640136719
2022-09-08,378.58782958984375
2022-09-09,384.46923828125
2022-09-12,388.6013488769531
2022-09-13,371.7040710449219
2022-09-14,373.1224670410156
2022-09-15,368.8862609863281
2022-09-16,366.072021484375
2022-09-19,368.91094970703125
2022-09-20,364.67633056640625
2022-09-21,358.3150329589844
2022-09-22,355.30523681640625
2022-09-23,349.3521423339844
2022-09-26,345.8961181640625
2022-09-27,345.0131530761719
2022-09-28,351.8017883300781
2022-09-29,344.4529724121094
2022-09-30,339.12646484375
2022-10-03,348.0799255371094
2022-10-04,358.8657531738281
2022-10-05,358.0301513671875
2022-10-06,354.3367919921875
2022-10-07,344.4529724121094
2022-10-10,341.82293701171875
2022-10-11,339.6581726074219
2022-10-12,338.5378112792969
2022-10-13,347.4721984863281
2022-10-14,339.5537414550781
2022-10-17,348.27923583984375
2022-10-18,352.37139892578125
2022-10-19,349.87432861328125
2022-10-20,346.94061279296875
2022-10-21,355.3717041015625
2022-10-24,359.7201843261719
2022-10-25,365.4644470214844
2022-10-26,362.7109680175781
2022-10-27,360.7740783691406
2022-10-28,369.35711669921875
2022-10-31,366.68927001953125
2022-11-01,365.0846252441406
2022-11-02,355.9223937988281
2022-11-03,352.2574768066406
2022-11-04,357.32763671875
2022-11-07,360.74560546875
2022-11-08,362.69195556640625
2022-11-09,355.21978759765625
2022-11-10,374.7406005859375
2022-11-11,378.3675842285156
2022-11-14,375.1488037109375
2022-11-15,378.3485107421875
2022-11-16,375.46221923828125
2022-11-17,374.3133239746094
2022-11-18,376.0127868652344
2022-11-21,374.6457214355469
2022-11-22,379.6872253417969
2022-11-23,382.07989501953125
2022-11-25,381.99444580078125
2022-11-28,375.8989562988281
2022-11-29,375.2532958984375
2022-11-30,387.073974609375
2022-12-01,386.7891845703125
2022-12-02,386.3428955078125
2022-12-05,379.3929138183594
2022-12-06,373.9240417480469
2022-12-07,373.28790283203125
2022-12-08,376.2121887207031
2022-12-09,373.40185546875
2022-12-12,378.7853088378906
2022-12-13,381.6526184082031
2022-12-14,379.2125244140625
2022-12-15,369.936279296875
2022-12-16,365.5688781738281
2022-12-19,362.4689025878906
2022-12-20,362.96490478515625
2022-12-21,368.39215087890625
2022-12-22,363.1365966796875
2022-12-23,365.2254333496094
2022-12-27,363.7851867675781
2022-12-28,359.26409912109375
2022-12-29,365.73095703125
2022-12-30,364.7676696777344
2023-01-03,363.2319641113281
2023-01-04,366.03619384765625
2023-01-05,361.85845947265625
2023-01-06,370.1567077636719
2023-01-09,369.94683837890625
2023-01-10,372.5411682128906
2023-01-11,377.2530517578125
2023-01-12,378.62652587890625
2023-01-13,380.0954895019531
2023-01-17,379.399169921875
2023-01-18,373.4091796875
2023-01-19,370.69085693359375
2023-01-20,377.596435546875
2023-01-23,382.1270446777344
2023-01-24,381.71685791015625
2023-01-25,381.8599853515625
2023-01-26,386.0567626953125
2023-01-27,386.94378662109375
2023-01-30,382.0888977050781
2023-01-31,387.70697021484375
2023-02-01,391.8273620605469
2023-02-02,397.5311584472656
2023-02-03,393.3057861328125
2023-02-06,390.9022216796875
2023-02-07,396.0146179199219
2023-02-08,391.684326171875
2023-02-09,388.2886962890625
2023-02-10,389.1948547363281
2023-02-13,393.76361083984375
2023-02-14,393.5823669433594
2023-02-15,394.8604736328125
2023-02-16,389.4237060546875
2023-02-17,388.4508361816406
2023-02-21,380.658203125
2023-02-22,380.1336364746094
2023-02-23,382.1557312011719
2023-02-24,378.07330322265625
2023-02-27,379.3609924316406
2023-02-28,377.9588623046875
2023-03-01,376.509033203125
2023-03-02,379.43731689453125
2023-03-03,385.5227355957031
2023-03-06,385.78973388671875
2023-03-07,379.87603759765625
2023-03-08,380.49603271484375
2023-03-09,373.4759521484375
2023-03-10,368.08697509765625
2023-03-13,367.562255859375
2023-03-14,373.63812255859375
2023-03-15,371.3013000488281
2023-03-16,377.8157958984375
2023-03-17,373.3980712890625
2023-03-20,376.9886169433594
2023-03-21,381.9385681152344
2023-03-22,375.4279479980469
2023-03-23,376.4428405761719
2023-03-24,378.91302490234375
2023-03-27,379.62158203125
2023-03-28,378.76953125
2023-03-29,384.27484130859375
2023-03-30,386.52484130859375
2023-03-31,391.9727478027344
2023-04-03,393.4664001464844
2023-04-04,391.2834167480469
2023-04-05,390.2589111328125
2023-04-06,391.7812805175781
2023-04-10,392.18341064453125
2023-04-11,392.28875732421875
2023-04-12,390.6897888183594
2023-04-13,395.87921142578125
2023-04-14,394.9121398925781
2023-04-17,396.3292236328125
2023-04-18,396.58770751953125
2023-04-19,396.52069091796875
2023-04-20,394.3568420410156
2023-04-21,394.6632080078125
2023-04-24,395.0749206542969
2023-04-25,388.80352783203125
2023-04-26,387.1567687988281
2023-04-27,394.8642578125
2023-04-28,398.2345275878906
2023-05-01,397.8323669433594
2023-05-02,393.3611145019531
2023-05-03,390.66107177734375
2023-05-04,387.8940124511719
2023-05-05,395.0749206542969
2023-05-08,395.18023681640625
2023-05-09,393.447265625
2023-05-10,395.28558349609375
2023-05-11,394.5961608886719
2023-05-12,394.0791931152344
2023-05-15,395.4387512207031
2023-05-16,392.796142578125
2023-05-17,397.5643005371094
2023-05-18,401.39410400390625
2023-05-19,400.81005859375
2023-05-22,400.9728698730469
2023-05-23,396.4728088378906
2023-05-24,393.6004333496094
2023-05-25,397.0090026855469
2023-05-26,402.1504821777344
2023-05-30,402.3036804199219
2023-05-31,400.0729064941406
2023-06-01,403.8739318847656
2023-06-02,409.7143859863281
2023-06-05,408.9293518066406
2023-06-06,409.8197937011719
2023-06-07,408.4027099609375
2023-06-08,410.8729248046875
2023-06-09,411.61016845703125
2023-06-12,415.3442687988281
2023-06-13,418.0825500488281
2023-06-14,418.5804443359375
2023-06-15,423.7698974609375
2023-06-16,422.326416015625
2023-06-20,420.1353454589844
2023-06-21,417.9826354980469
2023-06-22,419.49139404296875
2023-06-23,416.320068359375
2023-06-26,414.6191101074219
2023-06-27,419.16473388671875
2023-06-28,419.3760986328125
2023-06-29,421.029052734375
2023-06-30,425.9975280761719
2023-07-03,426.4876403808594
2023-07-05,425.85333251953125
2023-07-06,422.5186462402344
2023-07-07,421.4518737792969
2023-07-10,422.5186462402344
2023-07-11,425.20947265625
2023-07-12,428.6306457519531
2023-07-13,432.03265380859375
2023-07-14,431.7636413574219
2023-07-17,433.2627258300781
2023-07-18,436.482177734375
2023-07-19,437.4527587890625
2023-07-20,434.550537109375
2023-07-21,434.550537109375
2023-07-24,436.4917907714844
2023-07-25,437.68341064453125
2023-07-26,437.7506408691406
2023-07-27,434.848388671875
2023-07-28,439.1057434082031
2023-07-31,439.9418640136719
2023-08-01,438.68280029296875
2023-08-02,432.5804443359375
2023-08-03,431.3406677246094
2023-08-04,429.3898620605469
2023-08-07,433.1377868652344
2023-08-08,431.25421142578125
2023-08-09,428.3712158203125
2023-08-10,428.5249328613281
2023-08-11,428.2750549316406
2023-08-14,430.63922119140625
2023-08-15,425.6226806640625
2023-08-16,422.49945068359375
2023-08-17,419.280029296875
2023-08-18,419.4817810058594
2023-08-21,422.21112060546875
2023-08-22,421.0675048828125
2023-08-23,425.7572937011719
2023-08-24,419.85662841796875
2023-08-25,422.8165283203125
2023-08-28,425.4977722167969
2023-08-29,431.64825439453125
2023-08-30,433.4261169433594
2023-08-31,432.7918395996094
2023-09-01,433.5990295410156
2023-09-05,431.72515869140625
2023-09-06,428.8229064941406
2023-09-07,427.5062561035156
2023-09-08,428.150146484375
2023-09-11,430.9659118652344
2023-09-12,428.6018371582031
2023-09-13,429.1015319824219
2023-09-14,432.80145263671875
2023-09-15,427.5869140625
2023-09-18,427.8376770019531
2023-09-19,426.9504089355469
2023-09-20,423.0253601074219
2023-09-21,416.0334167480469
2023-09-22,415.09796142578125
2023-09-25,416.84356689453125
2023-09-26,410.7195129394531
2023-09-27,410.88348388671875
2023-09-28,413.2655334472656
2023-09-29,412.2625732421875
2023-10-02,412.09869384765625
2023-10-03,406.5822448730469
2023-10-04,409.5429992675781
2023-10-05,409.3885803222656
2023-10-06,414.24920654296875
2023-10-09,416.9013671875
2023-10-10,419.0712890625
2023-10-11,420.78790283203125
2023-10-12,418.2226257324219
2023-10-13,416.13946533203125
2023-10-16,420.5178527832031
2023-10-17,420.49859619140625
2023-10-18,414.89544677734375
2023-10-19,411.2499694824219
2023-10-20,406.19647216796875
2023-10-23,405.492431640625
2023-10-24,408.5496520996094
2023-10-25,402.68609619140625
2023-10-26,397.8640441894531
2023-10-27,396.0606384277344
2023-10-30,400.7958068847656
2023-10-31,403.3129577636719
2023-11-01,407.61419677734375
2023-11-02,415.42584228515625
2023-11-03,419.2159423828125
2023-11-06,420.1802978515625
2023-11-07,421.376220703125
2023-11-08,421.6847839355469
2023-11-09,418.3961486816406
2023-11-10,424.9251708984375
2023-11-13,424.5201110839844
2023-11-14,432.756103515625
2023-11-15,433.6722412109375
2023-11-16,434.2027587890625
2023-11-17,434.7427978515625
2023-11-20,438.0892639160156
2023-11-21,437.1344909667969
2023-11-22,438.8221740722656
2023-11-24,439.09222412109375
2023-11-27,438.30145263671875
2023-11-28,438.7354736328125
2023-11-29,438.4267883300781
2023-11-30,440.1530456542969
2023-12-01,442.7569885253906
2023-12-04,440.43280029296875
2023-12-05,440.3459777832031
2023-12-06,438.5715026855469
2023-12-07,441.91790771484375
2023-12-08,443.8178405761719
2023-12-11,445.5440368652344
2023-12-12,447.5789794921875
2023-12-13,453.7511291503906
2023-12-14,455.20745849609375
2023-12-15,454.4578857421875
2023-12-18,457.01422119140625
2023-12-19,459.7933044433594
2023-12-20,453.42181396484375
2023-12-21,457.72113037109375
2023-12-22,458.6410217285156
2023-12-26,460.57763671875
2023-12-27,461.4103698730469
2023-12-28,461.58465576171875
2023-12-29,460.2484130859375
2024-01-02,457.6727294921875
2024-01-03,453.9350280761719
2024-01-04,452.4728698730469
2024-01-05,453.0926208496094
2024-01-08,459.5609130859375
2024-01-09,458.8637390136719
2024-01-10,461.45880126953125
2024-01-11,461.2554626464844
2024-01-12,461.574951171875
2024-01-16,459.88043212890625
2024-01-17,457.3240966796875
2024-01-18,461.3910217285156
2024-01-19,467.142822265625
2024-01-22,468.13055419921875
2024-01-23,469.4956970214844
2024-01-24,470.009033203125
2024-01-25,472.56536865234375
2024-01-26,471.9649963378906
2024-01-29,475.7026672363281
2024-01-30,475.3347473144531
2024-01-31,467.57855224609375
2024-02-01,473.6982421875
2024-02-02,478.68511962890625
2024-02-05,476.9421081542969
2024-02-06,478.3268127441406
2024-02-07,482.3162841796875
2024-02-08,482.529296875
2024-02-09,485.3180236816406
2024-02-12,485.1049499511719
2024-02-13,478.42364501953125
2024-02-14,482.7713317871094
2024-02-15,486.10235595703125
2024-02-16,483.68157958984375
2024-02-20,481.01873779296875
2024-02-21,481.4544372558594
2024-02-22,491.4183654785156
2024-02-23,491.75732421875
2024-02-26,489.95623779296875
2024-02-27,490.866455078125
2024-02-28,490.2176208496094
2024-02-29,491.9800109863281
2024-03-01,496.5988464355469
2024-03-04,496.0662841796875
2024-03-05,491.1085205078125
2024-03-06,493.5970764160156
2024-03-07,498.4967346191406
2024-03-08,495.50469970703125
2024-03-11,495.07867431640625
2024-03-12,500.4043273925781
2024-03-13,499.6199035644531
2024-03-14,498.63232421875
2024-03-15,495.20843505859375
2024-03-18,498.15155029296875
2024-03-19,500.9198303222656
2024-03-20,505.5529479980469
2024-03-21,507.2235412597656
2024-03-22,506.26202392578125
2024-03-25,504.8633117675781
2024-03-26,503.930908203125
2024-03-27,508.1658630371094
2024-03-28,508.0686950683594
2024-04-01,507.1846923828125
2024-04-02,503.9600524902344
2024-04-03,504.513671875
2024-04-04,498.35552978515625
2024-04-05,503.561767578125
2024-04-08,503.8433837890625
2024-04-09,504.4262390136719
2024-04-10,499.3753967285156
2024-04-11,503.1441345214844
2024-04-12,496.1991882324219
2024-04-15,489.9826965332031
2024-04-16,489.0891418457031
2024-04-17,486.194580078125
2024-04-18,485.194091796875
2024-04-19,480.9591369628906
2024-04-22,485.3883972167969
2024-04-23,491.1483154296875
2024-04-24,490.91522216796875
2024-04-25,489.05023193359375
2024-04-26,493.6834716796875
2024-04-29,495.43182373046875
2024-04-30,487.5835266113281
2024-05-01,486.00030517578125
2024-05-02,490.5460510253906
2024-05-03,496.6265869140625
2024-05-06,501.755126953125
2024-05-07,502.30877685546875
2024-05-08,502.3573303222656
2024-05-09,505.25177001953125
2024-05-10,505.9027099609375
2024-05-13,505.97064208984375
2024-05-14,508.2920837402344
2024-05-15,514.5863037109375
2024-05-16,513.527587890625
2024-05-17,514.2658081054688
2024-05-20,514.858154296875
2024-05-21,516.1209716796875
2024-05-22,514.6348266601562
2024-05-23,510.8757629394531
2024-05-24,514.2560424804688
2024-05-28,514.6154174804688
2024-05-29,511.01177978515625
2024-05-30,507.6219177246094
2024-05-31,512.2454223632812
2024-06-03,512.6630859375
2024-06-04,513.236083984375
2024-06-05,519.3360595703125
2024-06-06,519.3262939453125
2024-06-07,518.6950073242188
2024-06-10,520.297607421875
2024-06-11,521.5507202148438
2024-06-12,525.8340454101562
2024-06-13,526.8929443359375
2024-06-14,527.2135009765625
2024-06-17,531.4094848632812
2024-06-18,532.7597045898438
2024-06-20,531.3124389648438
2024-06-21,530.6002197265625
2024-06-24,528.8753051757812
2024-06-25,530.9119262695312
2024-06-26,531.5746459960938
2024-06-27,532.41259765625
2024-06-28,530.3175659179688
2024-07-01,531.4089965820312
2024-07-02,534.9851684570312
2024-07-03,537.37255859375
2024-07-05,540.471435546875
2024-07-08,541.094970703125
2024-07-09,541.6211547851562
2024-07-10,546.9806518554688
2024-07-11,542.2643432617188
2024-07-12,545.6846313476562
2024-07-15,547.185302734375
2024-07-16,550.4302368164062
2024-07-17,542.7125244140625
2024-07-18,538.5418090820312
2024-07-19,534.9656372070312
2024-07-22,540.4810791015625
2024-07-23,539.6332397460938
2024-07-24,527.4038696289062
2024-07-25,524.6559448242188
2024-07-26,530.5319213867188
2024-07-29,530.8438110351562
2024-07-30,528.154296875
2024-07-31,536.7391357421875
2024-08-01,529.1384887695312
2024-08-02,519.2867431640625
2024-08-05,504.1630859375
2024-08-06,508.8113708496094
2024-08-07,505.410400390625
2024-08-08,517.0941162109375
2024-08-09,519.3743896484375
2024-08-12,519.6472778320312
2024-08-13,528.1931762695312
2024-08-14,529.8595581054688
2024-08-15,538.9414672851562
2024-08-16,540.1497802734375
2024-08-19,545.3143920898438
2024-08-20,544.4276123046875
2024-08-21,546.298583984375
2024-08-22,542.0108642578125
2024-08-23,547.7699584960938
2024-08-26,546.4641723632812
2024-08-27,547.214599609375
2024-08-28,544.0377807617188
2024-08-29,544.0864868164062
2024-08-30,549.2803344726562
2024-09-03,537.9767456054688
2024-09-04,536.8755493164062
2024-09-05,535.56982421875
2024-09-06,526.5560913085938
2024-09-09,532.4514770507812
2024-09-10,534.7708129882812
2024-09-11,540.2569580078125
2024-09-12,544.8077392578125
2024-09-13,547.653076171875
2024-09-16,548.4619140625
2024-09-17,548.6859741210938
2024-09-18,547.0586547851562
2024-09-19,556.3938598632812
2024-09-20,555.43212890625
2024-09-23,556.820068359375
2024-09-24,558.4132080078125
2024-09-25,557.181640625
2024-09-26,559.3907470703125
2024-09-27,558.5794067382812
2024-09-30,560.8178100585938
2024-10-01,555.7938232421875
2024-10-02,556.0283203125
2024-10-03,555.0117797851562
2024-10-04,560.055419921875
2024-10-07,554.9921264648438
2024-10-08,560.2410888671875
2024-10-09,564.1215209960938
2024-10-10,563.1343383789062
2024-10-11,566.5064697265625
2024-10-14,571.1396484375
2024-10-15,566.7020874023438
2024-10-16,569.1651611328125
2024-10-17,569.2140502929688
2024-10-18,571.403564453125
2024-10-21,570.4652099609375
2024-10-22,570.1621704101562
2024-10-23,564.9522705078125
2024-10-24,566.1741333007812
2024-10-25,565.9786987304688
2024-10-28,567.7283935546875
2024-10-29,568.6470947265625
2024-10-30,566.9268188476562
2024-10-31,555.8132934570312
2024-11-01,558.1591186523438
2024-11-04,556.9569702148438
2024-11-05,563.69140625
2024-11-06,577.7079467773438
2024-11-07,582.1749267578125
2024-11-08,584.6967163085938
2024-11-11,585.25390625
2024-11-12,583.4358520507812
2024-11-13,583.7193603515625
2024-11-14,579.9659423828125
2024-11-15,572.537353515625
2024-11-18,574.8831787109375
2024-11-19,576.9846801757812
2024-11-20,577.18017578125
2024-11-21,580.2786254882812
2024-11-22,582.0771484375
2024-11-25,584.0517578125
2024-11-26,587.101318359375
2024-11-27,585.3223266601562
2024-11-29,588.9583740234375
2024-12-02,590.0140380859375
2024-12-03,590.2876586914062
2024-12-04,593.9530029296875
2024-12-05,592.9757080078125
2024-12-06,594.0996704101562
2024-12-09,591.0403442382812
2024-12-10,589.2026977539062
2024-12-11,593.7576293945312
2024-12-12,590.6983032226562
2024-12-13,590.5809326171875
2024-12-16,593.1026611328125
2024-12-17,590.6591796875
2024-12-18,573.055419921875
2024-12-19,572.87939453125
2024-12-20,579.7603759765625
2024-12-23,583.232177734375
2024-12-24,589.714599609375
2024-12-26,589.7539672851562
2024-12-27,583.5458984375
2024-12-30,576.8866577148438
2024-12-31,574.7880249023438
2025-01-02,573.3756713867188
2025-01-03,580.5448608398438
2025-01-06,583.8890991210938
2025-01-07,577.2886962890625
2025-01-08,578.1322631835938
2025-01-10,569.3056030273438
2025-01-13,570.1883544921875
2025-01-14,570.972900390625
2025-01-15,581.35888671875
2025-01-16,580.2407836914062
2025-01-17,586.06640625
2025-01-21,591.4309692382812
2025-01-22,594.7556762695312
2025-01-23,598.0018920898438
2025-01-24,596.2561645507812
2025-01-27,587.8218994140625
2025-01-28,592.8727416992188
2025-01-29,590.2149047851562
2025-01-30,593.382568359375
2025-01-31,590.2246704101562
2025-02-03,586.2528076171875
2025-02-04,590.1854858398438
2025-02-05,592.5784301757812
2025-02-06,594.6380615234375
2025-02-07,589.1950073242188
2025-02-10,593.1962890625
2025-02-11,593.6474609375
2025-02-12,591.7349853515625
2025-02-13,597.9822998046875
2025-02-14,597.952880859375
2025-02-18,599.7083740234375
2025-02-19,601.1206665039062
2025-02-20,598.6197509765625
2025-02-21,588.3809204101562
2025-02-24,585.7035522460938
2025-02-25,582.7906494140625
2025-02-26,583.0849609375
2025-02-27,573.77783203125
2025-02-28,582.7318115234375
2025-03-03,572.5225219726562
2025-03-04,565.7456665039062
2025-03-05,571.8261108398438
2025-03-06,561.675537109375
2025-03-07,564.8236694335938
2025-03-10,549.7792358398438
2025-03-11,545.2091674804688
2025-03-12,548.102294921875
2025-03-13,540.7957763671875
2025-03-14,551.9663696289062
2025-03-17,556.2227172851562
2025-03-18,550.2107543945312
2025-03-19,556.203125
2025-03-20,554.5947265625
2025-03-21,554.7777099609375
2025-03-24,564.712890625
2025-03-25,566.0703125
2025-03-26,559.3124389648438
2025-03-27,557.8270263671875
2025-03-28,546.5933837890625
2025-03-31,550.2625732421875
2025-04-01,551.8167724609375
2025-04-02,555.308837890625
2025-04-03,527.94287109375
2025-04-04,497.0354309082031
2025-04-07,496.1501159667969
2025-04-08,488.37908935546875
2025-04-09,539.6683349609375
2025-04-10,516.0205078125
2025-04-11,525.2277221679688
2025-04-14,530.3232421875
2025-04-15,528.837890625
2025-04-16,517.0829467773438
2025-04-17,517.8206787109375
2025-04-21,505.4951171875
2025-04-22,518.64697265625
2025-04-23,526.68359375
2025-04-24,537.769775390625
2025-04-25,541.6553344726562
2025-04-28,541.86181640625
2025-04-29,545.2752685546875
2025-04-30,545.49169921875
2025-05-01,549.3575439453125
2025-05-02,557.5122680664062
2025-05-05,554.3153686523438
2025-05-06,549.68212890625
2025-05-07,551.9938354492188
2025-05-08,555.840087890625
2025-05-09,555.1317749023438
2025-05-12,573.4774780273438
2025-05-13,577.2646484375
2025-05-14,578.00244140625
2025-05-15,580.8255615234375
2025-05-16,584.5045166015625
2025-05-19,585.1439819335938
2025-05-20,583.1766357421875
2025-05-21,573.349609375
2025-05-22,573.5758666992188
2025-05-23,569.6607055664062
2025-05-27,581.50439453125
2025-05-28,578.1401977539062
2025-05-29,580.42236328125
2025-05-30,579.7730712890625
2025-06-02,583.038818359375
2025-06-03,586.3637084960938
2025-06-04,586.206298828125
2025-06-05,583.3733520507812
2025-06-06,589.3638916015625
2025-06-09,589.8951416015625
2025-06-10,593.2396240234375
2025-06-11,591.5477905273438
2025-06-12,593.898681640625
2025-06-13,587.2588500976562
2025-06-16,592.8461303710938
2025-06-17,587.7803344726562
2025-06-18,587.691650390625
2025-06-20,586.3114624023438
2025-06-23,592.1027221679688
2025-06-24,598.643798828125
2025-06-25,598.979248046875
2025-06-26,603.6655883789062
2025-06-27,606.6647338867188
2025-06-30,609.5653686523438
2025-07-01,609.3681030273438
2025-07-02,612.130615234375
2025-07-03,616.9549560546875
2025-07-07,612.3573608398438
2025-07-08,612.0220336914062
2025-07-09,615.692138671875
2025-07-10,617.4285278320312
2025-07-11,615.258056640625
2025-07-14,616.4320678710938
2025-07-15,613.7979125976562
2025-07-16,615.8499145507812
2025-07-17,619.6187133789062
2025-07-18,619.1649169921875
2025-07-21,620.3389892578125
2025-07-22,620.4277954101562
2025-07-23,625.7059936523438
2025-07-24,625.9131469726562
2025-07-25,628.5572509765625
2025-07-28,628.3994750976562
2025-07-29,626.7420043945312
2025-07-30,625.9526977539062
2025-07-31,623.6046142578125
2025-08-01,613.3834838867188
2025-08-04,622.706787109375
2025-08-05,619.5496826171875
2025-08-06,624.2952270507812
2025-08-07,623.7722778320312
2025-08-08,628.6361694335938
2025-08-11,627.3931274414062
2025-08-12,634.0723266601562
2025-08-13,636.242919921875
2025-08-14,636.302001953125
2025-08-15,634.8123168945312
2025-08-18,634.674072265625
2025-08-19,631.23095703125
2025-08-20,629.5537109375
2025-08-21,627.0281372070312
2025-08-22,636.6572265625
2025-08-25,633.8552856445312
2025-08-26,636.5092163085938
2025-08-27,637.9595336914062
2025-08-28,640.21875
2025-08-29,636.4006958007812
2025-09-02,631.684814453125
2025-09-03,635.1082763671875
2025-09-04,640.4160766601562
2025-09-05,638.561279296875
2025-09-08,640.1299438476562
2025-09-09,641.60986328125
2025-09-10,643.4646606445312
2025-09-11,648.81201171875
2025-09-12,648.5949096679688
2025-09-15,652.0480346679688
2025-09-16,651.150146484375
2025-09-17,650.3411865234375
2025-09-18,653.3798828125
2025-09-19,656.6160278320312
2025-09-22,659.722412109375
2025-09-23,656.1312866210938
2025-09-24,654.0436401367188
2025-09-25,651.0263061523438
2025-09-26,654.7560424804688
2025-09-29,656.5962524414062
2025-09-30,659.0695190429688
2025-10-01,661.3153686523438
2025-10-02,662.0770263671875
2025-10-03,662.0671997070312
2025-10-06,664.4415283203125
2025-10-07,661.9781494140625
2025-10-08,665.925537109375
2025-10-09,663.996337890625
2025-10-10,646.0499877929688
2025-10-13,655.9630126953125
2025-10-14,655.1616821289062
2025-10-15,658.0703125
2025-10-16,653.5887451171875
2025-10-17,657.2986450195312
2025-10-20,664.1348876953125
2025-10-21,664.1249389648438
2025-10-22,660.6722412109375
2025-10-23,664.5899658203125
2025-10-24,670.0213623046875
2025-10-27,677.9260864257812
2025-10-28,679.7266235351562
2025-10-29,680.0531616210938
2025-10-30,672.5737915039062
2025-10-31,674.780029296875
2025-11-03,676.04638671875
2025-11-04,668.0328369140625
2025-11-05,670.347900390625
2025-11-06,663.1554565429688
2025-11-07,663.808349609375
2025-11-10,674.1666870117188
2025-11-11,675.7099609375
2025-11-12,676.0859375
2025-11-13,664.866943359375
2025-11-14,664.7581787109375
2025-11-17,658.5648803710938
2025-11-18,653.0346069335938
2025-11-19,655.5574340820312
2025-11-20,645.5652465820312
2025-11-21,651.995849609375
2025-11-24,661.59228515625
2025-11-25,667.8151245117188
2025-11-26,672.4254760742188
2025-11-28,676.0958251953125
2025-12-01,673.0091552734375
2025-12-02,674.2557373046875
2025-12-03,676.5905151367188
2025-12-04,677.085205078125
2025-12-05,678.3712768554688
2025-12-08,676.3333129882812
2025-12-09,675.74951171875
2025-12-10,680.2312622070312
2025-12-11,681.8141479492188
2025-12-12,674.4832153320312
2025-12-15,673.4641723632812
2025-12-16,671.6240844726562
2025-12-17,664.2338256835938
2025-12-18,669.2496337890625
2025-12-19,675.3153686523438
2025-12-22,679.5224609375
2025-12-23,682.628173828125
2025-12-24,685.0294799804688
2025-12-26,684.9600219726562
2025-12-29,682.51904296875
2025-12-30,681.685546875
2025-12-31,676.635009765625
2026-01-02,677.8753051757812
2026-01-05,682.3900756835938
2026-01-06,686.4483642578125
2026-01-07,684.2356567382812
2026-01-08,684.1661987304688
2026-01-09,688.6908569335938
2026-01-12,689.7723999023438
2026-01-13,688.3931884765625
2026-01-14,685.0095825195312
2026-01-15,686.8750610351562
2026-01-16,686.2994995117188
2026-01-20,672.32861328125
2026-01-21,680.0880737304688
2026-01-22,683.6403198242188
2026-01-23,683.8883056640625
2026-01-26,687.3612670898438
2026-01-27,690.0997924804688
2026-01-28,690.0303344726562
2026-01-29,688.6610717773438
2026-01-30,686.607177734375
2026-02-02,690.0204467773438
2026-02-03,684.18603515625
2026-02-04,680.8719482421875
2026-02-05,672.3683471679688
2026-02-06,685.267578125
2026-02-09,688.57177734375
2026-02-10,686.7559204101562
2026-02-11,686.5972290039062
2026-02-12,675.9901123046875
2026-02-13,676.46630859375
2026-02-17,677.5578002929688
2026-02-18,680.9711303710938
2026-02-19,679.1751708984375
2026-02-20,684.0868530273438
2026-02-23,677.1013793945312
2026-02-24,682.0228881835938
2026-02-25,687.7780151367188
2026-02-26,683.957763671875
2026-02-27,680.6734619140625
2026-03-02,681.0604248046875
2026-03-03,675.057373046875
2026-03-04,679.8201904296875
2026-03-05,676.0297241210938
2026-03-06,667.1688842773438
2026-03-09,673.0133056640625
2026-03-10,671.9317626953125
2026-03-11,671.08837890625
2026-03-12,660.89794921875
2026-03-13,657.1571655273438
2026-03-16,663.844970703125
2026-03-17,665.5912475585938
2026-03-18,656.3037719726562
2026-03-19,654.6864013671875
2026-03-20,645.301025390625
2026-03-23,652.07666015625
2026-03-24,649.8877563476562
2026-03-25,653.5093994140625
2026-03-26,641.8385620117188
2026-03-27,630.8939819335938
2026-03-30,628.78466796875
2026-03-31,647.0620727539062
2026-04-01,651.9373779296875
2026-04-02,652.5244140625
2026-04-06,655.6088256835938
2026-04-07,655.8972778320312
2026-04-08,672.6027221679688
2026-04-09,676.4829711914062
2026-04-10,676.0353393554688
2026-04-13,682.641845703125
2026-04-14,690.959716796875
2026-04-15,696.412109375
2026-04-16,698.1234130859375
2026-04-17,706.5607299804688
2026-04-20,705.1477661132812
2026-04-21,700.53125
2026-04-22,707.6253051757812
2026-04-23,704.8792114257812
2026-04-24,710.341552734375
2026-04-27,711.5653076171875
2026-04-28,708.1028442382812
2026-04-29,707.993408203125
2026-04-30,715.0377197265625
2026-05-01,717.0177001953125
2026-05-04,714.3909912109375
2026-05-05,720.1220092773438
2026-05-06,730.1312866210938
2026-05-07,727.8926391601562
2026-05-08,733.9021606445312
2026-05-11,735.5736694335938
2026-05-12,734.4593505859375
2026-05-13,738.5685424804688
2026-05-14,744.3989868164062
2026-05-15,735.4443969726562
2026-05-18,734.927001953125
2026-05-19,730.0317993164062
2026-05-20,737.5138549804688
2026-05-21,738.9764404296875
2026-05-22,741.8817749023438
2026-05-26,746.8068237304688
2026-05-27,746.677490234375
2026-05-28,750.7965698242188
2026-05-29,752.6671142578125
2026-06-01,754.7167358398438
2026-06-02,755.7415771484375
2026-06-03,750.4384155273438
2026-06-04,753.2740478515625
2026-06-05,733.83251953125
2026-06-08,735.4940795898438
2026-06-09,733.3350219726562
2026-06-10,721.7736206054688
2026-06-11,734.04150390625
2026-06-12,738.0113525390625
2026-06-15,751.0254516601562
2026-06-16,746.5481567382812
2026-06-17,737.225341796875
2026-06-18,744.8902587890625
2026-06-22,742.546142578125
2026-06-23,731.7628784179688
2026-06-24,731.4237060546875
2026-06-25,732.4810791015625
2026-06-26,727.1842651367188
2026-06-29,739.1644897460938
2026-06-30,744.9202270507812
2026-07-01,743.9127197265625
2026-07-02,742.9351806640625
2026-07-06,749.4190673828125
2026-07-07,745.85791015625
2026-07-08,743.5536499023438
2026-07-09,749.8480224609375
2026-07-10,753.0799560546875
2026-07-13,747.3142700195312
2026-07-14,749.9677124023438
2026-07-15,752.9403076171875
2026-07-16,748.8604125976562
2026-07-17,741.4487915039062
2026-07-20,740.2518310546875
2026-07-21,746.426513671875
2026-07-22,745.55859375
2026-07-23,736.3515014648438
2026-07-24,737.099609375
2026-07-27,737.25927734375
2026-07-28,739.0248413085938
2026-07-29,727.6531372070312
2026-07-30,739.852783203125
2026-07-31,745.1796264648438
2026-08-03,755.793212890625
2026-08-04,769.4193725585938
2026-08-05,767.8831787109375
2026-08-06,766.65625
2026-08-07,771.3446044921875
2026-08-10,771.1151733398438
2026-08-11,768.6513061523438
2026-08-12,770.5764770507812
2026-08-13,775.9531860351562
2026-08-14,774.4169921875
2026-08-17,770.7560424804688
2026-08-18,765.5490112304688
2026-08-19,767.1549682617188
2026-08-20,760.7109985351562
2026-08-21,763.8232421875
2026-08-24,761.5787963867188
2026-08-25,764.0127563476562
2026-08-26,764.182373046875
2026-08-27,769.18994140625
2026-08-28,767.4442749023438
2026-08-31,765.1499633789062
2026-09-01,759.89306640625
2026-09-02,763.2646484375
2026-09-03,771.2548217773438
2026-09-04,768.2822265625
2026-09-08,764.0626831054688
2026-09-09,760.5115356445312
2026-09-10,755.9528198242188
2026-09-11,762.3967895507812
2026-09-14,758.9952392578125
2026-09-15,755.513916015625
2026-09-16,752.1821899414062
2026-09-17,760.7109985351562
2026-09-18,761.6900024414062
2026-09-21,773.5
2026-09-22,773.3800048828125
2026-09-23,767.8099975585938
2026-09-24,767.1799926757812
